Plate,Well,Larva.temp,Larva.Temp.C,Larva.Food,Adult.tmt,Adult.Temp,Adult.Temp.C,Adult.Food,date.2nd.instar,date.3rd.instar,date.4th.instar,date.pupa,time.to.pupa,date.adult,time.to.adult,Adult.death.date,adult.survival.days,sex,wing.length,died.naturally,comparison
9,5,High,30,Med,High F,High,30,Fed,2020-07-03,2020-07-08,2020-07-13,2020-07-15,12,2020-07-17,14,2020-07-21,4,Male,2.253,yes,Small
10,2,High,30,Med,High S,High,30,Starved,2020-07-03,2020-07-08,2020-07-13,2020-07-15,12,2020-07-17,14,2020-07-21,4,Female,2.89,yes,Small
21,2,High,30,Med,Med S,Med,24,Starved,2020-07-03,2020-07-08,2020-07-13,2020-07-17,14,2020-07-20,17,2020-07-21,1,Female,2.81,yes,Small
21,5,High,30,Med,Med S,Med,24,Starved,2020-07-03,2020-07-08,2020-07-13,2020-07-15,12,2020-07-17,14,2020-07-21,4,Male,2.366,yes,Small
22,6,High,30,Med,Low S,Low,18,Starved,2020-07-03,2020-07-08,2020-07-13,2020-07-15,12,2020-07-17,14,2020-07-21,4,Male,2.178,yes,Small
26,6,High,30,Med,High S,High,30,Starved,2020-07-03,2020-07-08,2020-07-13,2020-07-17,14,2020-07-20,17,2020-07-21,1,Male,2.325,yes,Small
35,6,High,30,Med,High F,High,30,Fed,2020-07-03,2020-07-08,2020-07-10,2020-07-13,10,2020-07-15,12,2020-07-21,6,Male,2.472,yes,Small
38,6,High,30,Med,Low S,Low,18,Starved,2020-07-03,2020-07-08,2020-07-13,2020-07-17,14,2020-07-20,17,2020-07-21,1,Female,2.812,yes,Small
39,1,High,30,Med,High S,High,30,Starved,2020-07-03,2020-07-08,2020-07-10,2020-07-13,10,2020-07-17,14,2020-07-21,4,Male,2.442,yes,Small
39,4,High,30,Med,High S,High,30,Starved,2020-07-03,2020-07-08,2020-07-13,2020-07-17,14,2020-07-20,17,2020-07-21,1,Male,2.291,yes,Small
53,1,High,30,Med,High F,High,30,Fed,2020-07-03,2020-07-08,2020-07-10,2020-07-13,10,2020-07-17,14,2020-07-21,4,Female,3.011,yes,Small
53,6,High,30,Med,High F,High,30,Fed,2020-07-03,2020-07-08,2020-07-13,2020-07-17,14,2020-07-20,17,2020-07-21,1,Male,2.21,yes,Small
57,6,High,30,Med,Med F,Med,24,Fed,2020-07-03,2020-07-08,2020-07-13,2020-07-15,12,2020-07-17,14,2020-07-21,4,Male,2.306,yes,Small
59,5,High,30,Med,Med F,Med,24,Fed,2020-07-03,2020-07-08,2020-07-13,2020-07-15,12,2020-07-17,14,2020-07-21,4,Male,2.423,yes,Small
68,3,High,30,Med,High S,High,30,Starved,2020-07-03,2020-07-08,2020-07-13,2020-07-17,14,2020-07-20,17,2020-07-21,1,Male,2.187,yes,Small
108,3,High,30,Med,Med S,Med,24,Starved,2020-07-03,2020-07-08,2020-07-13,2020-07-15,12,2020-07-17,14,2020-07-21,4,Male,2.311,yes,Small
115,3,High,30,Med,High F,High,30,Fed,2020-07-03,2020-07-08,2020-07-13,2020-07-15,12,2020-07-17,14,2020-07-21,4,Male,2.395,yes,Small
116,5,High,30,Med,Low S,Low,18,Starved,2020-07-03,2020-07-08,2020-07-13,2020-07-17,14,2020-07-20,17,2020-07-21,1,Male,2.3,yes,Small
1,2,High,30,Med,Low S,Low,18,Starved,2020-07-03,2020-07-08,2020-07-10,2020-07-17,14,2020-07-20,17,2020-07-22,2,Female,3.154,yes,Small
1,5,High,30,Med,Low S,Low,18,Starved,2020-07-03,2020-07-08,2020-07-13,2020-07-17,14,2020-07-20,17,2020-07-22,2,Male,2.366,yes,Small
9,2,High,30,Med,High F,High,30,Fed,2020-07-03,2020-07-08,2020-07-13,2020-07-17,14,2020-07-20,17,2020-07-22,2,Male,2.378,yes,Small
10,5,High,30,Med,High S,High,30,Starved,2020-07-03,2020-07-08,2020-07-13,2020-07-17,14,2020-07-20,17,2020-07-22,2,Female,2.507,yes,Small
21,1,High,30,Med,Med S,Med,24,Starved,2020-07-03,2020-07-08,2020-07-10,2020-07-13,10,2020-07-15,12,2020-07-22,7,Male,2.605,yes,Small
22,1,High,30,Med,Low S,Low,18,Starved,2020-07-03,2020-07-08,2020-07-13,2020-07-17,14,2020-07-20,17,2020-07-22,2,Female,2.873,yes,Small
22,2,High,30,Med,Low S,Low,18,Starved,2020-07-03,2020-07-08,2020-07-10,2020-07-13,10,2020-07-15,12,2020-07-22,7,Female,3.074,yes,Small
26,2,High,30,Med,High S,High,30,Starved,2020-07-03,2020-07-08,2020-07-13,2020-07-17,14,2020-07-20,17,2020-07-22,2,Male,2.157,yes,Small
26,5,High,30,Med,High S,High,30,Starved,2020-07-03,2020-07-08,2020-07-13,2020-07-17,14,2020-07-20,17,2020-07-22,2,Female,2.847,yes,Small
68,1,High,30,Med,High S,High,30,Starved,2020-07-03,2020-07-08,2020-07-13,2020-07-20,17,2020-07-22,19,2020-07-22,0,Female,2.361,yes,Small
116,4,High,30,Med,Low S,Low,18,Starved,2020-07-03,2020-07-08,2020-07-10,2020-07-13,10,2020-07-17,14,2020-07-22,5,Male,2.511,yes,Small
10,6,High,30,Med,High S,High,30,Starved,2020-07-03,2020-07-08,2020-07-13,2020-07-17,14,2020-07-20,17,2020-07-24,4,Male,2.081,yes,Small
16,5,High,30,Med,Med F,Med,24,Fed,2020-07-03,2020-07-08,2020-07-13,2020-07-20,17,2020-07-22,19,2020-07-24,2,Female,2.906,yes,Small
21,4,High,30,Med,Med S,Med,24,Starved,2020-07-03,2020-07-08,2020-07-13,2020-07-17,14,2020-07-20,17,2020-07-24,4,Male,2.434,yes,Small
38,1,High,30,Med,Low S,Low,18,Starved,2020-07-03,2020-07-08,2020-07-13,2020-07-17,14,2020-07-20,17,2020-07-24,4,Male,,yes,Small
38,2,High,30,Med,Low S,Low,18,Starved,2020-07-03,2020-07-08,2020-07-13,2020-07-17,14,2020-07-20,17,2020-07-24,4,Female,,yes,Small
39,2,High,30,Med,High S,High,30,Starved,2020-07-03,2020-07-08,2020-07-13,2020-07-20,17,2020-07-22,19,2020-07-24,2,Male,2.264,yes,Small
51,4,High,30,Med,Med S,Med,24,Starved,2020-07-03,2020-07-08,2020-07-13,2020-07-20,17,2020-07-22,19,2020-07-24,2,Male,2.222,yes,Small
68,6,High,30,Med,High S,High,30,Starved,2020-07-03,2020-07-08,2020-07-13,2020-07-20,17,2020-07-22,19,2020-07-24,2,Female,2.687,yes,Small
83,3,High,30,Med,Med S,Med,24,Starved,2020-07-03,2020-07-08,2020-07-13,2020-07-17,14,2020-07-20,17,2020-07-24,4,Male,2.072,yes,Small
83,6,High,30,Med,Med S,Med,24,Starved,2020-07-03,2020-07-08,2020-07-13,2020-07-20,17,2020-07-22,19,2020-07-24,2,Male,2.101,yes,Small
115,5,High,30,Med,High F,High,30,Fed,2020-07-03,2020-07-08,2020-07-13,2020-07-20,17,2020-07-22,19,2020-07-24,2,Female,2.647,yes,Small
1,4,High,30,Med,Low S,Low,18,Starved,2020-07-03,2020-07-08,2020-07-10,2020-07-15,12,2020-07-17,14,2020-07-27,10,Female,,yes,Small
9,1,High,30,Med,High F,High,30,Fed,2020-07-03,2020-07-08,2020-07-13,2020-07-20,17,2020-07-24,21,2020-07-27,3,Male,2.207,yes,Small
10,3,High,30,Med,High S,High,30,Starved,2020-07-03,2020-07-08,2020-07-13,2020-07-22,19,2020-07-24,21,2020-07-27,3,Female,2.74,yes,Small
35,3,High,30,Med,High F,High,30,Fed,2020-07-03,2020-07-08,2020-07-13,2020-07-20,17,2020-07-24,21,2020-07-27,3,Female,2.871,yes,Small
38,3,High,30,Med,Low S,Low,18,Starved,2020-07-03,2020-07-08,2020-07-13,2020-07-20,17,2020-07-24,21,2020-07-27,3,Female,2.831,yes,Small
39,6,High,30,Med,High S,High,30,Starved,2020-07-03,2020-07-08,2020-07-13,2020-07-20,17,2020-07-22,19,2020-07-27,5,Female,2.818,yes,Small
51,2,High,30,Med,Med S,Med,24,Starved,2020-07-03,2020-07-08,2020-07-13,2020-07-22,19,2020-07-24,21,2020-07-27,3,Male,,yes,Small
53,3,High,30,Med,High F,High,30,Fed,2020-07-03,2020-07-08,2020-07-13,2020-07-24,21,2020-07-27,24,2020-07-27,0,Female,,yes,Small
59,2,High,30,Med,Med F,Med,24,Fed,2020-07-03,2020-07-08,2020-07-13,2020-07-22,19,2020-07-24,21,2020-07-27,3,Female,,yes,Small
83,5,High,30,Med,Med S,Med,24,Starved,2020-07-03,2020-07-08,2020-07-13,2020-07-20,17,2020-07-22,19,2020-07-27,5,Male,2.116,yes,Small
98,3,High,30,Med,Low F,Low,18,Fed,2020-07-03,2020-07-08,2020-07-13,2020-07-20,17,2020-07-22,19,2020-07-27,5,Male,2.281,yes,Small
98,6,High,30,Med,Low F,Low,18,Fed,2020-07-03,2020-07-08,2020-07-10,2020-07-13,10,2020-07-15,12,2020-07-27,12,Male,2.51,yes,Small
116,2,High,30,Med,Low S,Low,18,Starved,2020-07-03,2020-07-08,2020-07-13,2020-07-24,21,2020-07-27,24,2020-07-27,0,Female,2.2,yes,Small
120,4,High,30,Med,Low F,Low,18,Fed,2020-07-03,2020-07-10,2020-07-13,2020-07-20,17,2020-07-22,19,2020-07-27,5,Female,,yes,Small
9,6,High,30,Med,High F,High,30,Fed,2020-07-03,2020-07-08,2020-07-13,2020-07-24,21,2020-07-27,24,2020-07-29,2,Male,2.761,yes,Small
26,1,High,30,Med,High S,High,30,Starved,2020-07-03,2020-07-08,2020-07-13,2020-07-24,21,2020-07-27,24,2020-07-29,2,Female,2.821,yes,Small
30,2,High,30,Med,Low F,Low,18,Fed,2020-07-03,2020-07-08,2020-07-10,2020-07-13,10,2020-07-15,12,2020-07-29,14,Male,,yes,Small
83,4,High,30,Med,Med S,Med,24,Starved,2020-07-03,2020-07-08,2020-07-13,2020-07-24,21,2020-07-27,24,2020-07-29,2,Female,3.118,yes,Small
101,2,High,30,Med,Med F,Med,24,Fed,2020-07-03,2020-07-08,2020-07-13,2020-07-24,21,2020-07-27,24,2020-07-29,2,Female,2.88,yes,Small
120,3,High,30,Med,Low F,Low,18,Fed,2020-07-03,2020-07-08,2020-07-10,2020-07-13,10,2020-07-15,12,2020-07-29,14,Male,,yes,Small
9,4,High,30,Med,High F,High,30,Fed,2020-07-03,2020-07-08,2020-07-13,2020-07-27,24,2020-07-29,26,2020-07-31,2,Female,2.746,yes,Small
16,3,High,30,Med,Med F,Med,24,Fed,2020-07-03,2020-07-08,2020-07-13,2020-07-15,12,2020-07-17,14,2020-07-31,14,Female,,yes,Small
51,5,High,30,Med,Med S,Med,24,Starved,2020-07-03,2020-07-08,2020-07-13,2020-07-27,24,2020-07-29,26,2020-07-31,2,Female,,yes,Small
57,1,High,30,Med,Med F,Med,24,Fed,2020-07-03,2020-07-10,2020-07-13,2020-07-27,24,2020-07-29,26,2020-07-31,2,Female,,yes,Small
68,4,High,30,Med,High S,High,30,Starved,2020-07-03,2020-07-08,2020-07-13,2020-07-27,24,2020-07-29,26,2020-07-31,2,Female,2.922,yes,Small
98,1,High,30,Med,Low F,Low,18,Fed,2020-07-03,2020-07-08,2020-07-13,2020-07-29,26,2020-07-31,28,2020-07-31,0,Male,2.518,yes,Small
108,1,High,30,Med,Med S,Med,24,Starved,2020-07-03,2020-07-08,2020-07-13,2020-07-27,24,2020-07-31,28,2020-07-31,0,Male,3.074,yes,Small
9,3,High,30,Med,High F,High,30,Fed,2020-07-03,2020-07-08,2020-07-13,2020-07-22,19,2020-07-24,21,2020-08-04,11,Female,2.976,yes,Small
21,6,High,30,Med,Med S,Med,24,Starved,2020-07-03,2020-07-08,2020-07-13,2020-07-27,24,2020-07-29,26,2020-08-04,6,Female,3.159,yes,Small
22,3,High,30,Med,Low S,Low,18,Starved,2020-07-03,2020-07-08,2020-07-13,2020-07-27,24,2020-07-29,26,2020-08-04,6,Female,2.861,yes,Small
30,3,High,30,Med,Low F,Low,18,Fed,2020-07-03,2020-07-08,2020-07-10,2020-07-13,10,2020-07-15,12,2020-08-04,20,Female,,yes,Small
30,4,High,30,Med,Low F,Low,18,Fed,2020-07-03,2020-07-08,2020-07-13,2020-07-17,14,2020-07-20,17,2020-08-04,15,Female,,yes,Small
35,2,High,30,Med,High F,High,30,Fed,2020-07-03,2020-07-08,2020-07-13,2020-07-17,14,2020-07-20,17,2020-08-04,15,Female,2.8,yes,Small
38,4,High,30,Med,Low S,Low,18,Starved,2020-07-03,2020-07-08,2020-07-13,2020-07-31,28,2020-08-04,32,2020-08-04,0,Female,2.637,yes,Small
39,5,High,30,Med,High S,High,30,Starved,2020-07-03,2020-07-08,2020-07-13,2020-07-27,24,2020-07-29,26,2020-08-04,6,Female,3.163,yes,Small
42,1,High,30,Med,Low F,Low,18,Fed,2020-07-03,2020-07-08,2020-07-13,2020-07-17,14,2020-07-20,17,2020-08-04,15,Female,2.94,yes,Small
42,6,High,30,Med,Low F,Low,18,Fed,2020-07-03,2020-07-08,2020-07-10,2020-07-13,10,2020-07-15,12,2020-08-04,20,Female,,yes,Small
51,3,High,30,Med,Med S,Med,24,Starved,2020-07-03,2020-07-08,2020-07-13,2020-07-27,24,2020-07-29,26,2020-08-04,6,Female,2.558,yes,Small
57,3,High,30,Med,Med F,Med,24,Fed,2020-07-03,2020-07-08,2020-07-13,2020-07-27,24,2020-07-31,28,2020-08-04,4,Female,2.887,yes,Small
57,4,High,30,Med,Med F,Med,24,Fed,2020-07-03,2020-07-08,2020-07-13,2020-07-20,17,2020-07-22,19,2020-08-04,13,Male,2.484,yes,Small
59,3,High,30,Med,Med F,Med,24,Fed,2020-07-03,2020-07-08,2020-07-13,2020-07-27,24,2020-07-29,26,2020-08-04,6,Female,2.546,yes,Small
83,2,High,30,Med,Med S,Med,24,Starved,2020-07-03,2020-07-08,2020-07-13,2020-07-29,26,2020-08-04,32,2020-08-04,0,Female,2.934,yes,Small
98,2,High,30,Med,Low F,Low,18,Fed,2020-07-03,2020-07-08,2020-07-13,2020-07-15,12,2020-07-17,14,2020-08-04,18,Female,2.727,yes,Small
101,5,High,30,Med,Med F,Med,24,Fed,2020-07-03,2020-07-08,2020-07-13,2020-07-31,28,2020-08-04,32,2020-08-04,0,Female,2.886,yes,Small
108,5,High,30,Med,Med S,Med,24,Starved,2020-07-03,2020-07-08,2020-07-13,2020-07-27,24,2020-07-29,26,2020-08-04,6,Female,2.575,yes,Small
115,6,High,30,Med,High F,High,30,Fed,2020-07-03,2020-07-08,2020-07-13,2020-07-27,24,2020-07-29,26,2020-08-04,6,Female,2.507,yes,Small
120,5,High,30,Med,Low F,Low,18,Fed,2020-07-03,2020-07-08,2020-07-13,2020-07-31,28,2020-08-04,32,2020-08-04,0,Female,2.493,yes,Small
10,4,High,30,Med,High S,High,30,Starved,2020-07-03,2020-07-08,2020-07-13,2020-07-31,28,2020-08-04,32,2020-08-05,1,Female,2.861,yes,Small
108,6,High,30,Med,Med S,Med,24,Starved,2020-07-03,2020-07-08,2020-07-13,2020-07-31,28,2020-08-04,32,2020-08-05,1,Female,2.988,yes,Small
115,4,High,30,Med,High F,High,30,Fed,2020-07-03,2020-07-08,2020-07-13,2020-07-20,17,2020-07-22,19,2020-08-05,14,Female,2.809,yes,Small
42,2,High,30,Med,Low F,Low,18,Fed,2020-07-03,2020-07-08,2020-07-13,2020-07-15,12,2020-07-17,14,2020-08-10,24,Female,,yes,Small
115,1,High,30,Med,High F,High,30,Fed,2020-07-03,2020-07-08,2020-07-13,2020-07-20,17,2020-07-22,19,2020-08-10,19,Male,,yes,Small
42,3,High,30,Med,Low F,Low,18,Fed,2020-07-03,2020-07-08,2020-07-10,2020-07-13,10,2020-07-13,10,2020-08-12,30,Male,,yes,Small
30,6,High,30,Med,Low F,Low,18,Fed,2020-07-03,2020-07-08,2020-07-13,2020-07-20,17,2020-07-22,19,2020-08-17,26,Female,,yes,Small
98,5,High,30,Med,Low F,Low,18,Fed,2020-07-03,2020-07-08,2020-07-13,2020-07-27,24,2020-07-29,26,2020-08-17,19,Female,,yes,Small
16,6,High,30,Med,Med F,Med,24,Fed,2020-07-03,2020-07-08,2020-07-13,2020-07-17,14,2020-07-20,17,,,Female,3.089,no,Small
11,1,Low,18,Med,Med S,Med,24,Starved,2020-07-03,2020-07-08,2020-07-13,2020-07-21,18,2020-07-27,24,2020-07-31,4,Female,3.537,yes,Large
11,4,Low,18,Med,Med S,Med,24,Starved,2020-07-03,2020-07-08,2020-07-13,2020-07-27,24,2020-07-31,28,2020-08-04,4,Male,2.898,yes,Large
19,1,Low,18,Med,Med S,Med,24,Starved,2020-07-03,2020-07-10,2020-07-15,2020-07-27,24,2020-07-31,28,2020-08-04,4,Male,2.864,yes,Large
24,3,Low,18,Med,Low F,Low,18,Fed,2020-07-03,2020-07-08,2020-07-13,2020-07-22,19,2020-07-29,26,2020-08-04,6,Male,2.935,yes,Large
79,1,Low,18,Med,High F,High,30,Fed,2020-07-03,2020-07-08,2020-07-13,2020-07-21,18,2020-07-27,24,2020-08-04,8,Male,2.839,yes,Large
79,4,Low,18,Med,High F,High,30,Fed,2020-07-03,2020-07-13,2020-07-15,2020-07-24,21,2020-07-29,26,2020-08-04,6,Female,3.487,yes,Large
81,1,Low,18,Med,High F,High,30,Fed,2020-07-03,2020-07-08,2020-07-13,2020-07-24,21,2020-07-29,26,2020-08-04,6,Male,2.506,yes,Large
31,5,Low,18,Med,High S,High,30,Starved,2020-07-03,2020-07-08,2020-07-13,2020-07-27,24,2020-08-04,32,2020-08-05,1,Male,2.849,yes,Large
15,6,Low,18,Med,Low S,Low,18,Starved,2020-07-03,2020-07-13,2020-07-15,2020-07-27,24,2020-07-31,28,2020-08-07,7,Male,2.757,yes,Large
19,2,Low,18,Med,Med S,Med,24,Starved,2020-07-03,2020-07-10,2020-07-13,2020-07-29,26,2020-08-04,32,2020-08-07,3,Female,3.263,yes,Large
19,5,Low,18,Med,Med S,Med,24,Starved,2020-07-03,2020-07-08,2020-07-13,2020-07-29,26,2020-08-04,32,2020-08-07,3,Male,2.771,yes,Large
31,4,Low,18,Med,High S,High,30,Starved,2020-07-03,2020-07-13,2020-07-17,2020-07-27,24,2020-08-04,32,2020-08-07,3,Male,2.902,yes,Large
32,2,Low,18,Med,Med S,Med,24,Starved,2020-07-03,2020-07-08,2020-07-15,2020-07-29,26,2020-08-04,32,2020-08-07,3,Male,2.884,yes,Large
32,6,Low,18,Med,Med S,Med,24,Starved,2020-07-03,2020-07-08,2020-07-13,2020-07-29,26,2020-08-04,32,2020-08-07,3,Female,2.706,yes,Large
61,2,Low,18,Med,High S,High,30,Starved,2020-07-03,2020-07-08,2020-07-13,2020-07-31,28,2020-08-04,32,2020-08-07,3,Male,2.794,yes,Large
61,6,Low,18,Med,High S,High,30,Starved,2020-07-03,2020-07-08,2020-07-13,2020-07-29,26,2020-08-04,32,2020-08-07,3,Male,2.887,yes,Large
71,5,Low,18,Med,Med S,Med,24,Starved,2020-07-03,2020-07-08,2020-07-13,2020-07-29,26,2020-08-04,32,2020-08-07,3,Male,2.922,yes,Large
79,6,Low,18,Med,High F,High,30,Fed,2020-07-03,2020-07-13,2020-07-15,2020-07-29,26,2020-08-04,32,2020-08-07,3,Female,3.538,yes,Large
84,3,Low,18,Med,High F,High,30,Fed,2020-07-03,2020-07-13,2020-07-17,2020-07-29,26,2020-08-04,32,2020-08-07,3,Male,2.884,yes,Large
106,1,Low,18,Med,High S,High,30,Starved,2020-07-03,2020-07-08,2020-07-13,2020-07-29,26,2020-08-04,32,2020-08-07,3,Male,2.867,yes,Large
106,4,Low,18,Med,High S,High,30,Starved,2020-07-03,2020-07-10,2020-07-13,2020-07-29,26,2020-08-04,32,2020-08-07,3,Male,2.665,yes,Large
11,2,Low,18,Med,Med S,Med,24,Starved,2020-07-03,2020-07-10,2020-07-15,2020-07-31,28,2020-08-05,33,2020-08-10,5,Female,4.071,yes,Large
11,3,Low,18,Med,Med S,Med,24,Starved,2020-07-03,2020-07-10,2020-07-13,2020-07-31,28,2020-08-07,35,2020-08-10,3,Male,2.846,yes,Large
11,6,Low,18,Med,Med S,Med,24,Starved,2020-07-03,2020-07-08,2020-07-13,2020-07-31,28,2020-08-05,33,2020-08-10,5,Female,3.6,yes,Large
15,1,Low,18,Med,Low S,Low,18,Starved,2020-07-03,2020-07-15,2020-07-17,2020-07-27,24,2020-08-04,32,2020-08-10,6,Male,3.15,yes,Large
15,3,Low,18,Med,Low S,Low,18,Starved,2020-07-03,2020-07-08,2020-07-13,2020-07-31,28,2020-08-07,35,2020-08-10,3,Female,3.69,yes,Large
15,4,Low,18,Med,Low S,Low,18,Starved,2020-07-03,2020-07-08,2020-07-13,2020-07-29,26,2020-08-04,32,2020-08-10,6,Female,3.345,yes,Large
15,5,Low,18,Med,Low S,Low,18,Starved,2020-07-03,2020-07-15,2020-07-17,2020-07-31,28,2020-08-04,32,2020-08-10,6,Male,2.628,yes,Large
31,1,Low,18,Med,High S,High,30,Starved,2020-07-03,2020-07-08,2020-07-13,2020-07-31,28,2020-08-05,33,2020-08-10,5,Female,3.989,yes,Large
31,6,Low,18,Med,High S,High,30,Starved,2020-07-03,2020-07-08,2020-07-13,2020-08-04,32,2020-08-07,35,2020-08-10,3,Female,3.682,yes,Large
32,3,Low,18,Med,Med S,Med,24,Starved,2020-07-03,2020-07-13,2020-07-17,2020-07-31,28,2020-08-05,33,2020-08-10,5,Male,3.245,yes,Large
32,4,Low,18,Med,Med S,Med,24,Starved,2020-07-03,2020-07-13,2020-07-17,2020-07-31,28,2020-08-04,32,2020-08-10,6,Male,2.996,yes,Large
50,4,Low,18,Med,High F,High,30,Fed,2020-07-03,2020-07-08,2020-07-13,2020-07-27,24,2020-08-04,32,2020-08-10,6,Male,2.929,yes,Large
50,5,Low,18,Med,High F,High,30,Fed,2020-07-03,2020-07-08,2020-07-13,2020-07-27,24,2020-08-04,32,2020-08-10,6,Female,2.675,yes,Large
61,1,Low,18,Med,High S,High,30,Starved,2020-07-03,2020-07-08,2020-07-13,2020-08-04,32,2020-08-07,35,2020-08-10,3,Female,3.817,yes,Large
66,1,Low,18,Med,Low S,Low,18,Starved,2020-07-03,2020-07-13,2020-07-17,2020-07-31,28,2020-08-05,33,2020-08-10,5,Male,3.032,yes,Large
79,2,Low,18,Med,High F,High,30,Fed,2020-07-03,2020-07-13,2020-07-15,2020-08-04,32,2020-08-07,35,2020-08-10,3,Female,3.907,yes,Large
79,3,Low,18,Med,High F,High,30,Fed,2020-07-03,2020-07-08,2020-07-13,2020-07-29,26,2020-08-04,32,2020-08-10,6,Male,2.987,yes,Large
82,4,Low,18,Med,High S,High,30,Starved,2020-07-03,2020-07-13,2020-07-15,2020-08-04,32,2020-08-07,35,2020-08-10,3,Female,3.303,yes,Large
84,4,Low,18,Med,High F,High,30,Fed,2020-07-03,2020-07-08,2020-07-13,2020-08-04,32,2020-08-07,35,2020-08-10,3,Female,3.462,yes,Large
89,2,Low,18,Med,Med F,Med,24,Fed,2020-07-03,2020-07-13,2020-07-17,2020-08-04,32,2020-08-07,35,2020-08-10,3,Female,3.931,yes,Large
89,3,Low,18,Med,Med F,Med,24,Fed,2020-07-03,2020-07-13,2020-07-17,2020-08-04,32,2020-08-07,35,2020-08-10,3,Male,2.982,yes,Large
90,6,Low,18,Med,Med F,Med,24,Fed,2020-07-03,2020-07-13,2020-07-17,2020-07-31,28,2020-08-05,33,2020-08-10,5,Male,2.904,yes,Large
106,6,Low,18,Med,High S,High,30,Starved,2020-07-03,2020-07-08,2020-07-13,2020-07-31,28,2020-08-07,35,2020-08-10,3,Male,2.905,yes,Large
109,2,Low,18,Med,Med F,Med,24,Fed,2020-07-03,2020-07-13,2020-07-17,2020-07-31,28,2020-08-07,35,2020-08-10,3,Male,2.891,yes,Large
31,2,Low,18,Med,High S,High,30,Starved,2020-07-03,2020-07-08,2020-07-13,2020-08-04,32,2020-08-10,38,2020-08-12,2,Male,3.066,yes,Large
31,3,Low,18,Med,High S,High,30,Starved,2020-07-03,2020-07-13,2020-07-17,2020-08-04,32,2020-08-10,38,2020-08-12,2,Female,3.622,yes,Large
47,3,Low,18,Med,Med F,Med,24,Fed,2020-07-03,2020-07-08,2020-07-13,2020-07-31,28,2020-08-07,35,2020-08-12,5,Male,3.051,yes,Large
50,6,Low,18,Med,High F,High,30,Fed,2020-07-03,2020-07-13,2020-07-17,2020-08-04,32,2020-08-10,38,2020-08-12,2,Male,2.907,yes,Large
71,3,Low,18,Med,Med S,Med,24,Starved,2020-07-03,2020-07-08,2020-07-17,2020-08-04,32,2020-08-10,38,2020-08-12,2,Male,2.988,yes,Large
81,3,Low,18,Med,High F,High,30,Fed,2020-07-03,2020-07-10,2020-07-15,2020-08-04,32,2020-08-10,38,2020-08-12,2,Female,3.604,yes,Large
81,6,Low,18,Med,High F,High,30,Fed,2020-07-03,2020-07-10,2020-07-13,2020-08-04,32,2020-08-10,38,2020-08-12,2,Female,3.678,yes,Large
82,3,Low,18,Med,High S,High,30,Starved,2020-07-03,2020-07-13,2020-07-15,2020-08-04,32,2020-08-10,38,2020-08-12,2,Female,3.543,yes,Large
82,6,Low,18,Med,High S,High,30,Starved,2020-07-03,2020-07-08,2020-07-13,2020-08-04,32,2020-08-10,38,2020-08-12,2,Female,3.393,yes,Large
84,5,Low,18,Med,High F,High,30,Fed,2020-07-03,2020-07-08,2020-07-13,2020-08-04,32,2020-08-10,38,2020-08-12,2,Female,3.523,yes,Large
106,5,Low,18,Med,High S,High,30,Starved,2020-07-03,2020-07-13,2020-07-17,2020-08-04,32,2020-08-10,38,2020-08-12,2,Female,3.164,yes,Large
11,5,Low,18,Med,Med S,Med,24,Starved,2020-07-03,2020-07-10,2020-07-13,2020-08-04,32,2020-08-10,38,2020-08-14,4,Female,3.585,yes,Large
15,2,Low,18,Med,Low S,Low,18,Starved,2020-07-03,2020-07-10,2020-07-15,2020-08-05,33,2020-08-10,38,2020-08-14,4,Female,3.45,yes,Large
19,4,Low,18,Med,Med S,Med,24,Starved,2020-07-03,2020-07-15,2020-07-17,2020-08-04,32,2020-08-10,38,2020-08-14,4,Female,3.757,yes,Large
32,5,Low,18,Med,Med S,Med,24,Starved,2020-07-03,2020-07-08,2020-07-13,2020-08-04,32,2020-08-10,38,2020-08-14,4,Female,3.683,yes,Large
47,1,Low,18,Med,Med F,Med,24,Fed,2020-07-03,2020-07-13,2020-07-17,2020-07-31,28,2020-08-07,35,2020-08-14,7,Male,2.98,yes,Large
47,2,Low,18,Med,Med F,Med,24,Fed,2020-07-03,2020-07-08,2020-07-13,2020-08-04,32,2020-08-10,38,2020-08-14,4,Female,3.308,yes,Large
50,3,Low,18,Med,High F,High,30,Fed,2020-07-03,2020-07-08,2020-07-15,2020-08-07,35,2020-08-12,40,2020-08-14,2,Female,3.618,yes,Large
71,1,Low,18,Med,Med S,Med,24,Starved,2020-07-03,2020-07-15,2020-07-21,2020-08-05,33,2020-08-12,40,2020-08-14,2,Male,2.519,yes,Large
71,6,Low,18,Med,Med S,Med,24,Starved,2020-07-03,2020-07-13,2020-07-17,2020-08-04,32,2020-08-10,38,2020-08-14,4,Male,2.918,yes,Large
79,5,Low,18,Med,High F,High,30,Fed,2020-07-03,2020-07-10,2020-07-13,2020-08-04,32,2020-08-10,38,2020-08-14,4,Female,3.593,yes,Large
81,5,Low,18,Med,High F,High,30,Fed,2020-07-03,2020-07-10,2020-07-13,2020-08-07,35,2020-08-12,40,2020-08-14,2,Male,2.951,yes,Large
82,2,Low,18,Med,High S,High,30,Starved,2020-07-03,2020-07-08,2020-07-13,2020-08-05,33,2020-08-12,40,2020-08-14,2,Female,3.513,yes,Large
82,5,Low,18,Med,High S,High,30,Starved,2020-07-03,2020-07-13,2020-07-15,2020-08-07,35,2020-08-12,40,2020-08-14,2,Female,3.322,yes,Large
84,1,Low,18,Med,High F,High,30,Fed,2020-07-03,2020-07-13,2020-07-21,2020-08-04,32,2020-08-10,38,2020-08-14,4,Male,3.037,yes,Large
84,2,Low,18,Med,High F,High,30,Fed,2020-07-03,2020-07-08,2020-07-13,2020-08-07,35,2020-08-12,40,2020-08-14,2,Male,2.935,yes,Large
90,1,Low,18,Med,Med F,Med,24,Fed,2020-07-03,2020-07-13,2020-07-15,2020-08-07,35,2020-08-12,40,2020-08-14,2,Female,3.208,yes,Large
90,5,Low,18,Med,Med F,Med,24,Fed,2020-07-03,2020-07-08,2020-07-13,2020-08-05,33,2020-08-12,40,2020-08-14,2,Female,3.457,yes,Large
94,3,Low,18,Med,Low S,Low,18,Starved,2020-07-03,2020-07-13,2020-07-17,2020-08-04,32,2020-08-10,38,2020-08-14,4,Male,2.923,yes,Large
109,3,Low,18,Med,Med F,Med,24,Fed,2020-07-03,2020-07-13,2020-07-17,2020-08-04,32,2020-08-10,38,2020-08-14,4,Male,2.975,yes,Large
111,5,Low,18,Med,Low S,Low,18,Starved,2020-07-03,2020-07-13,2020-07-17,2020-08-04,32,2020-08-10,38,2020-08-14,4,Male,2.98,yes,Large
19,3,Low,18,Med,Med S,Med,24,Starved,2020-07-03,2020-07-08,2020-07-13,2020-08-05,33,2020-08-12,40,2020-08-17,5,Female,3.279,yes,Large
47,6,Low,18,Med,Med F,Med,24,Fed,2020-07-03,2020-07-13,2020-07-17,2020-08-04,32,2020-08-10,38,2020-08-17,7,Female,3.785,yes,Large
50,1,Low,18,Med,High F,High,30,Fed,2020-07-03,2020-07-13,2020-07-17,2020-08-07,35,2020-08-14,42,2020-08-17,3,Female,3.556,yes,Large
50,2,Low,18,Med,High F,High,30,Fed,2020-07-03,2020-07-08,2020-07-13,2020-08-07,35,2020-08-14,42,2020-08-17,3,Female,3.778,yes,Large
55,6,Low,18,Med,Low F,Low,18,Fed,2020-07-03,2020-07-13,2020-07-17,2020-08-04,32,2020-08-10,38,2020-08-17,7,Female,,yes,Large
66,3,Low,18,Med,Low S,Low,18,Starved,2020-07-03,2020-07-13,2020-07-13,2020-08-04,32,2020-08-12,40,2020-08-17,5,Female,3.445,yes,Large
66,5,Low,18,Med,Low S,Low,18,Starved,2020-07-03,2020-07-08,2020-07-15,2020-08-07,35,2020-08-12,40,2020-08-17,5,Female,3.404,yes,Large
66,6,Low,18,Med,Low S,Low,18,Starved,2020-07-03,2020-07-08,2020-07-13,2020-08-05,33,2020-08-10,38,2020-08-17,7,Male,2.822,yes,Large
71,4,Low,18,Med,Med S,Med,24,Starved,2020-07-03,2020-07-08,2020-07-17,2020-08-07,35,2020-08-14,42,2020-08-17,3,Female,3.347,yes,Large
89,1,Low,18,Med,Med F,Med,24,Fed,2020-07-03,2020-07-13,2020-07-21,2020-08-04,32,2020-08-10,38,2020-08-17,7,Male,2.953,yes,Large
61,3,Low,18,Med,High S,High,30,Starved,2020-07-03,2020-07-10,2020-07-13,2020-08-10,38,2020-08-17,45,2020-08-19,2,Female,3.641,yes,Large
66,4,Low,18,Med,Low S,Low,18,Starved,2020-07-03,2020-07-13,2020-07-17,2020-08-07,35,2020-08-12,40,2020-08-19,7,Female,3.635,yes,Large
82,1,Low,18,Med,High S,High,30,Starved,2020-07-03,2020-07-13,2020-07-15,2020-08-12,40,2020-08-17,45,2020-08-19,2,Female,3.75,yes,Large
94,5,Low,18,Med,Low S,Low,18,Starved,2020-07-03,2020-07-13,2020-07-21,2020-08-10,38,2020-08-14,42,2020-08-19,5,Female,3.496,yes,Large
94,1,Low,18,Med,Low S,Low,18,Starved,2020-07-03,2020-07-13,2020-07-17,2020-08-10,38,2020-08-14,42,2020-08-21,7,Female,3.261,yes,Large
111,1,Low,18,Med,Low S,Low,18,Starved,2020-07-03,2020-07-13,2020-07-17,2020-08-10,38,2020-08-17,45,2020-08-21,4,Female,3.6,yes,Large
111,6,Low,18,Med,Low S,Low,18,Starved,2020-07-03,2020-07-13,2020-07-17,2020-08-10,38,2020-08-17,45,2020-08-21,4,Female,3.598,yes,Large
20,3,Low,18,Med,Low F,Low,18,Fed,2020-07-03,2020-07-08,2020-07-13,2020-08-04,32,2020-08-10,38,,,Female,4.044,no,Large
20,4,Low,18,Med,Low F,Low,18,Fed,2020-07-03,2020-07-08,2020-07-13,2020-08-04,32,2020-08-10,38,,,Female,3.931,no,Large
20,5,Low,18,Med,Low F,Low,18,Fed,2020-07-03,2020-07-08,2020-07-13,2020-08-07,35,2020-08-12,40,,,Female,3.787,no,Large
20,6,Low,18,Med,Low F,Low,18,Fed,2020-07-03,2020-07-10,2020-07-15,2020-08-10,38,2020-08-14,42,,,Female,3.681,no,Large
24,1,Low,18,Med,Low F,Low,18,Fed,2020-07-03,2020-07-13,2020-07-17,2020-08-10,38,2020-08-17,45,,,Female,3.931,no,Large
24,2,Low,18,Med,Low F,Low,18,Fed,2020-07-03,2020-07-10,2020-07-15,2020-07-29,26,2020-08-04,32,,,Male,2.765,no,Large
24,4,Low,18,Med,Low F,Low,18,Fed,2020-07-03,2020-07-13,2020-07-15,2020-08-04,32,2020-08-07,35,,,Female,3.86,no,Large
24,5,Low,18,Med,Low F,Low,18,Fed,2020-07-03,2020-07-13,2020-07-17,2020-08-04,32,2020-08-10,38,,,Female,3.758,no,Large
24,6,Low,18,Med,Low F,Low,18,Fed,2020-07-03,2020-07-10,2020-07-13,2020-07-31,28,2020-08-05,33,,,Female,3.307,no,Large
47,4,Low,18,Med,Med F,Med,24,Fed,2020-07-03,2020-07-13,2020-07-17,2020-07-29,26,2020-08-04,32,,,Male,2.705,no,Large
55,3,Low,18,Med,Low F,Low,18,Fed,2020-07-03,2020-07-13,2020-07-17,2020-08-04,32,2020-08-10,38,,,Female,3.561,no,Large
55,4,Low,18,Med,Low F,Low,18,Fed,2020-07-03,2020-07-13,2020-07-17,2020-08-04,32,2020-08-10,38,,,Female,3.585,no,Large
55,5,Low,18,Med,Low F,Low,18,Fed,2020-07-03,2020-07-13,2020-07-15,2020-07-31,28,2020-08-07,35,,,Female,3.497,no,Large
65,1,Low,18,Med,Low F,Low,18,Fed,2020-07-03,2020-07-13,2020-07-13,2020-08-04,32,2020-08-07,35,,,Male,3.054,no,Large
65,2,Low,18,Med,Low F,Low,18,Fed,2020-07-03,2020-07-08,2020-07-13,2020-08-04,32,2020-08-07,35,,,Male,2.979,no,Large
65,3,Low,18,Med,Low F,Low,18,Fed,2020-07-03,2020-07-08,2020-07-13,2020-08-05,33,2020-08-12,40,,,Female,3.603,no,Large
65,4,Low,18,Med,Low F,Low,18,Fed,2020-07-03,2020-07-13,2020-07-17,2020-08-04,32,2020-08-10,38,,,Male,3.141,no,Large
65,6,Low,18,Med,Low F,Low,18,Fed,2020-07-03,2020-07-08,2020-07-13,2020-08-04,32,2020-08-10,38,,,Female,3.646,no,Large
71,2,Low,18,Med,Med S,Med,24,Starved,2020-07-03,2020-07-13,2020-07-17,2020-08-14,42,2020-08-19,47,,,Female,3.463,no,Large
81,2,Low,18,Med,High F,High,30,Fed,2020-07-03,2020-07-08,2020-07-13,2020-08-04,32,2020-08-10,38,,,Male,3.069,no,Large
89,4,Low,18,Med,Med F,Med,24,Fed,2020-07-03,2020-07-13,2020-07-21,2020-08-10,38,2020-08-17,45,,,Female,3.656,no,Large
89,5,Low,18,Med,Med F,Med,24,Fed,2020-07-03,2020-07-13,2020-07-17,2020-08-10,38,2020-08-14,42,,,Male,2.849,no,Large
89,6,Low,18,Med,Med F,Med,24,Fed,2020-07-03,2020-07-13,2020-07-15,2020-08-12,40,2020-08-19,47,,,Female,3.805,no,Large
90,3,Low,18,Med,Med F,Med,24,Fed,2020-07-03,2020-07-13,2020-07-17,2020-08-10,38,2020-08-17,45,,,Female,3.331,no,Large
94,2,Low,18,Med,Low S,Low,18,Starved,2020-07-03,2020-07-13,2020-07-17,2020-08-12,40,2020-08-19,47,,,Female,3.548,no,Large
94,4,Low,18,Med,Low S,Low,18,Starved,2020-07-03,2020-07-13,2020-07-15,2020-08-14,42,2020-08-19,47,,,Female,3.956,no,Large
109,5,Low,18,Med,Med F,Med,24,Fed,2020-07-03,2020-07-13,2020-07-17,2020-08-12,40,2020-08-19,47,,,Female,3.677,no,Large
109,6,Low,18,Med,Med F,Med,24,Fed,2020-07-03,2020-07-13,2020-07-17,2020-08-14,42,2020-08-19,47,,,Female,3.786,no,Large
111,3,Low,18,Med,Low S,Low,18,Starved,2020-07-03,2020-07-13,2020-07-17,2020-08-14,42,2020-08-19,47,,,Female,3.576,no,Large
111,4,Low,18,Med,Low S,Low,18,Starved,2020-07-03,2020-07-13,2020-07-17,2020-08-12,40,2020-08-19,47,,,Female,3.76,no,Large
5,1,Med,24,High,High F,High,30,Fed,2020-07-03,2020-07-08,2020-07-13,2020-07-15,12,2020-07-17,14,2020-07-21,4,Male,2.676,yes,Large
5,4,Med,24,High,High F,High,30,Fed,2020-07-03,2020-07-08,2020-07-13,2020-07-15,12,2020-07-17,14,2020-07-21,4,Male,2.524,yes,Large
18,1,Med,24,High,Med S,Med,24,Starved,2020-07-03,2020-07-08,2020-07-10,2020-07-13,10,2020-07-17,14,2020-07-21,4,Male,2.806,yes,Large
36,4,Med,24,High,High S,High,30,Starved,2020-07-03,2020-07-08,2020-07-10,2020-07-15,12,2020-07-17,14,2020-07-21,4,Female,,yes,Large
36,6,Med,24,High,High S,High,30,Starved,2020-07-03,2020-07-08,2020-07-10,2020-07-15,12,2020-07-20,17,2020-07-21,1,Female,3.64,yes,Large
48,3,Med,24,High,Low F,Low,18,Fed,2020-07-03,2020-07-08,2020-07-13,2020-07-15,12,2020-07-17,14,2020-07-21,4,Male,,yes,Large
62,5,Med,24,High,High F,High,30,Fed,2020-07-03,2020-07-08,2020-07-13,2020-07-15,12,2020-07-17,14,2020-07-21,4,Male,2.942,yes,Large
63,2,Med,24,High,Med S,Med,24,Starved,2020-07-03,2020-07-08,2020-07-10,2020-07-15,12,2020-07-17,14,2020-07-21,4,Male,2.866,yes,Large
63,5,Med,24,High,Med S,Med,24,Starved,2020-07-03,2020-07-08,2020-07-13,2020-07-15,12,2020-07-17,14,2020-07-21,4,Male,2.693,yes,Large
63,6,Med,24,High,Med S,Med,24,Starved,2020-07-03,2020-07-08,2020-07-13,2020-07-15,12,2020-07-17,14,2020-07-21,4,Male,2.855,yes,Large
64,1,Med,24,High,High S,High,30,Starved,2020-07-03,2020-07-08,2020-07-13,2020-07-15,12,2020-07-20,17,2020-07-21,1,Male,2.762,yes,Large
64,6,Med,24,High,High S,High,30,Starved,2020-07-03,2020-07-08,2020-07-13,2020-07-15,12,2020-07-17,14,2020-07-21,4,Male,2.696,yes,Large
91,3,Med,24,High,Med S,Med,24,Starved,2020-07-03,2020-07-08,2020-07-13,2020-07-15,12,2020-07-17,14,2020-07-21,4,Male,2.756,yes,Large
91,5,Med,24,High,Med S,Med,24,Starved,2020-07-03,2020-07-08,2020-07-10,2020-07-13,10,2020-07-17,14,2020-07-21,4,Male,2.877,yes,Large
93,5,Med,24,High,Med S,Med,24,Starved,2020-07-03,2020-07-08,2020-07-13,2020-07-15,12,2020-07-17,14,2020-07-21,4,Male,2.9,yes,Large
93,6,Med,24,High,Med S,Med,24,Starved,2020-07-03,2020-07-08,2020-07-13,2020-07-15,12,2020-07-17,14,2020-07-21,4,Male,2.684,yes,Large
112,2,Med,24,High,Med F,Med,24,Fed,2020-07-03,2020-07-08,2020-07-13,2020-07-15,12,2020-07-17,14,2020-07-21,4,Male,2.731,yes,Large
36,1,Med,24,High,High S,High,30,Starved,2020-07-03,2020-07-08,2020-07-13,2020-07-15,12,2020-07-20,17,2020-07-22,2,Male,2.867,yes,Large
36,5,Med,24,High,High S,High,30,Starved,2020-07-03,2020-07-08,2020-07-13,2020-07-15,12,2020-07-20,17,2020-07-22,2,Male,2.827,yes,Large
37,2,Med,24,High,Low S,Low,18,Starved,2020-07-03,2020-07-08,2020-07-10,2020-07-17,14,2020-07-20,17,2020-07-22,2,Male,2.752,yes,Large
64,3,Med,24,High,High S,High,30,Starved,2020-07-03,2020-07-08,2020-07-13,2020-07-15,12,2020-07-20,17,2020-07-22,2,Female,3.735,yes,Large
64,5,Med,24,High,High S,High,30,Starved,2020-07-03,2020-07-08,2020-07-13,2020-07-15,12,2020-07-20,17,2020-07-22,2,Male,2.888,yes,Large
75,3,Med,24,High,High S,High,30,Starved,2020-07-03,2020-07-08,2020-07-13,2020-07-17,14,2020-07-20,17,2020-07-22,2,Female,3.327,yes,Large
75,4,Med,24,High,High S,High,30,Starved,2020-07-03,2020-07-10,2020-07-13,2020-07-15,12,2020-07-20,17,2020-07-22,2,Male,2.838,yes,Large
91,1,Med,24,High,Med S,Med,24,Starved,2020-07-03,2020-07-10,2020-07-13,2020-07-15,12,2020-07-20,17,2020-07-22,2,Male,2.688,yes,Large
102,5,Med,24,High,Low S,Low,18,Starved,2020-07-03,2020-07-08,2020-07-13,2020-07-15,12,2020-07-17,14,2020-07-22,5,Male,,yes,Large
18,2,Med,24,High,Med S,Med,24,Starved,2020-07-03,2020-07-08,2020-07-13,2020-07-15,12,2020-07-17,14,2020-07-24,7,Male,2.935,yes,Large
18,4,Med,24,High,Med S,Med,24,Starved,2020-07-03,2020-07-08,2020-07-13,2020-07-15,12,2020-07-20,17,2020-07-24,4,Male,2.806,yes,Large
18,5,Med,24,High,Med S,Med,24,Starved,2020-07-03,2020-07-08,2020-07-13,2020-07-15,12,2020-07-20,17,2020-07-24,4,Female,3.651,yes,Large
18,6,Med,24,High,Med S,Med,24,Starved,2020-07-03,2020-07-08,2020-07-13,2020-07-15,12,2020-07-17,14,2020-07-24,7,Male,2.831,yes,Large
37,3,Med,24,High,Low S,Low,18,Starved,2020-07-03,2020-07-08,2020-07-13,2020-07-15,12,2020-07-20,17,2020-07-24,4,Female,3.412,yes,Large
37,4,Med,24,High,Low S,Low,18,Starved,2020-07-03,2020-07-08,2020-07-13,2020-07-15,12,2020-07-20,17,2020-07-24,4,Male,2.762,yes,Large
46,5,Med,24,High,High S,High,30,Starved,2020-07-03,2020-07-08,2020-07-13,2020-07-17,14,2020-07-20,17,2020-07-24,4,Male,2.682,yes,Large
46,6,Med,24,High,High S,High,30,Starved,2020-07-03,2020-07-08,2020-07-10,2020-07-17,14,2020-07-20,17,2020-07-24,4,Female,3.44,yes,Large
63,1,Med,24,High,Med S,Med,24,Starved,2020-07-03,2020-07-08,2020-07-13,2020-07-17,14,2020-07-20,17,2020-07-24,4,Male,2.775,yes,Large
63,3,Med,24,High,Med S,Med,24,Starved,2020-07-03,2020-07-08,2020-07-13,2020-07-15,12,2020-07-20,17,2020-07-24,4,Male,2.388,yes,Large
64,2,Med,24,High,High S,High,30,Starved,2020-07-03,2020-07-08,2020-07-13,2020-07-15,12,2020-07-17,14,2020-07-24,7,Male,3.178,yes,Large
64,4,Med,24,High,High S,High,30,Starved,2020-07-03,2020-07-08,2020-07-13,2020-07-17,14,2020-07-20,17,2020-07-24,4,Female,3.729,yes,Large
75,2,Med,24,High,High S,High,30,Starved,2020-07-03,2020-07-08,2020-07-13,2020-07-15,12,2020-07-20,17,2020-07-24,4,Male,2.888,yes,Large
75,5,Med,24,High,High S,High,30,Starved,2020-07-03,2020-07-08,2020-07-13,2020-07-17,14,2020-07-20,17,2020-07-24,4,Female,3.581,yes,Large
76,4,Med,24,High,Low S,Low,18,Starved,2020-07-03,2020-07-10,2020-07-13,2020-07-15,12,2020-07-20,17,2020-07-24,4,Male,3.057,yes,Large
91,6,Med,24,High,Med S,Med,24,Starved,2020-07-03,2020-07-08,2020-07-13,2020-07-17,14,2020-07-20,17,2020-07-24,4,Female,3.283,yes,Large
93,1,Med,24,High,Med S,Med,24,Starved,2020-07-03,2020-07-10,2020-07-13,2020-07-15,12,2020-07-20,17,2020-07-24,4,Female,3.646,yes,Large
93,2,Med,24,High,Med S,Med,24,Starved,2020-07-03,2020-07-08,2020-07-10,2020-07-17,14,2020-07-22,19,2020-07-24,2,Female,3.194,yes,Large
93,3,Med,24,High,Med S,Med,24,Starved,2020-07-03,2020-07-10,2020-07-13,2020-07-15,12,2020-07-20,17,2020-07-24,4,Male,2.711,yes,Large
102,3,Med,24,High,Low S,Low,18,Starved,2020-07-03,2020-07-08,2020-07-10,2020-07-15,12,2020-07-20,17,2020-07-24,4,Female,3.489,yes,Large
103,5,Med,24,High,Low F,Low,18,Fed,2020-07-03,2020-07-08,2020-07-13,2020-07-15,12,2020-07-20,17,2020-07-24,4,Male,2.844,yes,Large
104,5,Med,24,High,Low S,Low,18,Starved,2020-07-03,2020-07-08,2020-07-13,2020-07-15,12,2020-07-17,14,2020-07-24,7,Male,2.736,yes,Large
104,6,Med,24,High,Low S,Low,18,Starved,2020-07-03,2020-07-08,2020-07-13,2020-07-15,12,2020-07-17,14,2020-07-24,7,Male,2.672,yes,Large
14,2,Med,24,High,Med F,Med,24,Fed,2020-07-03,2020-07-08,2020-07-10,2020-07-13,10,2020-07-17,14,2020-07-27,10,Male,2.974,yes,Large
18,3,Med,24,High,Med S,Med,24,Starved,2020-07-03,2020-07-10,2020-07-13,2020-07-17,14,2020-07-20,17,2020-07-27,7,Female,3.427,yes,Large
36,2,Med,24,High,High S,High,30,Starved,2020-07-03,2020-07-08,2020-07-13,2020-07-20,17,2020-07-24,21,2020-07-27,3,Female,3.631,yes,Large
37,1,Med,24,High,Low S,Low,18,Starved,2020-07-03,2020-07-08,2020-07-13,2020-07-15,12,2020-07-20,17,2020-07-27,7,Male,2.944,yes,Large
44,2,Med,24,High,High F,High,30,Fed,2020-07-03,2020-07-08,2020-07-13,2020-07-15,12,2020-07-17,14,2020-07-27,10,Male,2.892,yes,Large
46,4,Med,24,High,High S,High,30,Starved,2020-07-03,2020-07-08,2020-07-13,2020-07-20,17,2020-07-22,19,2020-07-27,5,Female,3.453,yes,Large
62,6,Med,24,High,High F,High,30,Fed,2020-07-03,2020-07-08,2020-07-13,2020-07-15,12,2020-07-20,17,2020-07-27,7,Male,2.728,yes,Large
75,1,Med,24,High,High S,High,30,Starved,2020-07-03,2020-07-08,2020-07-13,2020-07-20,17,2020-07-24,21,2020-07-27,3,Female,2.9,yes,Large
75,6,Med,24,High,High S,High,30,Starved,2020-07-03,2020-07-08,2020-07-13,2020-07-20,17,2020-07-24,21,2020-07-27,3,Female,3.316,yes,Large
76,1,Med,24,High,Low S,Low,18,Starved,2020-07-03,2020-07-08,2020-07-13,2020-07-20,17,2020-07-22,19,2020-07-27,5,Female,3.229,yes,Large
76,2,Med,24,High,Low S,Low,18,Starved,2020-07-03,2020-07-08,2020-07-10,2020-07-20,17,2020-07-24,21,2020-07-27,3,Female,3.143,yes,Large
76,5,Med,24,High,Low S,Low,18,Starved,2020-07-03,2020-07-08,2020-07-13,2020-07-17,14,2020-07-20,17,2020-07-27,7,Male,2.887,yes,Large
76,6,Med,24,High,Low S,Low,18,Starved,2020-07-03,2020-07-08,2020-07-13,2020-07-20,17,2020-07-24,21,2020-07-27,3,Female,3.433,yes,Large
91,2,Med,24,High,Med S,Med,24,Starved,2020-07-03,2020-07-08,2020-07-13,2020-07-20,17,2020-07-24,21,2020-07-27,3,Female,3.453,yes,Large
92,1,Med,24,High,High F,High,30,Fed,2020-07-03,2020-07-08,2020-07-13,2020-07-20,17,2020-07-24,21,2020-07-27,3,Female,3.582,yes,Large
100,1,Med,24,High,Med F,Med,24,Fed,2020-07-03,2020-07-08,2020-07-13,2020-07-22,19,2020-07-24,21,2020-07-27,3,Female,3.251,yes,Large
100,5,Med,24,High,Med F,Med,24,Fed,2020-07-03,2020-07-08,2020-07-13,2020-07-20,17,2020-07-24,21,2020-07-27,3,Female,3.079,yes,Large
102,2,Med,24,High,Low S,Low,18,Starved,2020-07-03,2020-07-08,2020-07-10,2020-07-20,17,2020-07-22,19,2020-07-27,5,Female,3.29,yes,Large
102,4,Med,24,High,Low S,Low,18,Starved,2020-07-03,2020-07-08,2020-07-13,2020-07-20,17,2020-07-24,21,2020-07-27,3,Female,3.264,yes,Large
104,3,Med,24,High,Low S,Low,18,Starved,2020-07-03,2020-07-08,2020-07-13,2020-07-17,14,2020-07-20,17,2020-07-27,7,Female,3.475,yes,Large
112,5,Med,24,High,Med F,Med,24,Fed,2020-07-03,2020-07-08,2020-07-13,2020-07-20,17,2020-07-24,21,2020-07-27,3,Female,3.284,yes,Large
44,5,Med,24,High,High F,High,30,Fed,2020-07-03,2020-07-08,2020-07-13,2020-07-17,14,2020-07-20,17,2020-07-29,9,Male,2.713,yes,Large
62,1,Med,24,High,High F,High,30,Fed,2020-07-03,2020-07-08,2020-07-13,2020-07-17,14,2020-07-20,17,2020-07-29,9,Female,3.49,yes,Large
76,3,Med,24,High,Low S,Low,18,Starved,2020-07-03,2020-07-10,2020-07-13,2020-07-17,14,2020-07-20,17,2020-07-29,9,Male,2.774,yes,Large
100,3,Med,24,High,Med F,Med,24,Fed,2020-07-03,2020-07-08,2020-07-13,2020-07-17,14,2020-07-22,19,2020-07-29,7,Female,3.32,yes,Large
102,6,Med,24,High,Low S,Low,18,Starved,2020-07-03,2020-07-08,2020-07-10,2020-07-20,17,2020-07-24,21,2020-07-29,5,Female,3.423,yes,Large
104,2,Med,24,High,Low S,Low,18,Starved,2020-07-03,2020-07-08,2020-07-13,2020-07-22,19,2020-07-27,24,2020-07-29,2,Female,3.56,yes,Large
37,6,Med,24,High,Low S,Low,18,Starved,2020-07-03,2020-07-08,2020-07-13,2020-07-20,17,2020-07-22,19,2020-07-31,9,Female,3.391,yes,Large
49,6,Med,24,High,Med F,Med,24,Fed,2020-07-03,2020-07-08,2020-07-13,2020-07-15,12,2020-07-20,17,2020-07-31,11,Male,2.809,yes,Large
5,5,Med,24,High,High F,High,30,Fed,2020-07-03,2020-07-08,2020-07-13,2020-07-15,12,2020-07-20,17,2020-08-04,15,Female,3.113,yes,Large
14,3,Med,24,High,Med F,Med,24,Fed,2020-07-03,2020-07-08,2020-07-13,2020-07-15,12,2020-07-20,17,2020-08-04,15,Female,,yes,Large
14,5,Med,24,High,Med F,Med,24,Fed,2020-07-03,2020-07-08,2020-07-13,2020-07-17,14,2020-07-22,19,2020-08-04,13,Male,2.856,yes,Large
44,3,Med,24,High,High F,High,30,Fed,2020-07-03,2020-07-10,2020-07-13,2020-07-15,12,2020-07-20,17,2020-08-04,15,Male,2.688,yes,Large
92,3,Med,24,High,High F,High,30,Fed,2020-07-03,2020-07-08,2020-07-13,2020-07-17,14,2020-07-20,17,2020-08-04,15,Female,,yes,Large
100,6,Med,24,High,Med F,Med,24,Fed,2020-07-03,2020-07-08,2020-07-13,2020-07-15,12,2020-07-20,17,2020-08-04,15,Male,2.75,yes,Large
104,4,Med,24,High,Low S,Low,18,Starved,2020-07-03,2020-07-08,2020-07-13,2020-07-17,14,2020-07-20,17,2020-08-04,15,Female,3.201,yes,Large
112,6,Med,24,High,Med F,Med,24,Fed,2020-07-03,2020-07-08,2020-07-13,2020-07-22,19,2020-07-27,24,2020-08-04,8,Female,3.348,yes,Large
5,6,Med,24,High,High F,High,30,Fed,2020-07-03,2020-07-08,2020-07-10,2020-07-15,12,2020-07-20,17,2020-08-05,16,Female,3.584,yes,Large
103,4,Med,24,High,Low F,Low,18,Fed,2020-07-03,2020-07-08,2020-07-10,2020-07-15,12,2020-07-20,17,2020-08-05,16,Female,3.529,yes,Large
14,4,Med,24,High,Med F,Med,24,Fed,2020-07-03,2020-07-08,2020-07-13,2020-07-15,12,2020-07-20,17,2020-08-07,18,Male,2.763,yes,Large
14,6,Med,24,High,Med F,Med,24,Fed,2020-07-03,2020-07-08,2020-07-10,2020-07-15,12,2020-07-20,17,2020-08-07,18,Female,3.75,yes,Large
67,3,Med,24,High,Low F,Low,18,Fed,2020-07-03,2020-07-08,2020-07-13,2020-07-15,12,2020-07-20,17,2020-08-07,18,Male,,yes,Large
100,4,Med,24,High,Med F,Med,24,Fed,2020-07-03,2020-07-10,2020-07-15,2020-07-20,17,2020-07-24,21,2020-08-07,14,Male,2.657,yes,Large
112,3,Med,24,High,Med F,Med,24,Fed,2020-07-03,2020-07-08,2020-07-13,2020-07-17,14,2020-07-20,17,2020-08-07,18,Female,3.331,yes,Large
2,6,Med,24,High,Low F,Low,18,Fed,2020-07-03,2020-07-08,2020-07-10,2020-07-15,12,2020-07-20,17,2020-08-10,21,Female,3.606,yes,Large
5,2,Med,24,High,High F,High,30,Fed,2020-07-03,2020-07-10,2020-07-13,2020-07-20,17,2020-07-22,19,2020-08-10,19,Female,3.136,yes,Large
100,2,Med,24,High,Med F,Med,24,Fed,2020-07-03,2020-07-08,2020-07-13,2020-07-17,14,2020-07-20,17,2020-08-10,21,Male,,yes,Large
103,1,Med,24,High,Low F,Low,18,Fed,2020-07-03,2020-07-08,2020-07-13,2020-07-20,17,2020-07-22,19,2020-08-10,19,Female,3.432,yes,Large
103,3,Med,24,High,Low F,Low,18,Fed,2020-07-03,2020-07-08,2020-07-10,2020-07-15,12,2020-07-20,17,2020-08-10,21,Female,,yes,Large
2,3,Med,24,High,Low F,Low,18,Fed,2020-07-03,2020-07-08,2020-07-13,2020-07-15,12,2020-07-20,17,2020-08-12,23,Female,,yes,Large
2,4,Med,24,High,Low F,Low,18,Fed,2020-07-03,2020-07-08,2020-07-13,2020-07-20,17,2020-07-22,19,2020-08-12,21,Female,,yes,Large
2,5,Med,24,High,Low F,Low,18,Fed,2020-07-03,2020-07-08,2020-07-13,2020-07-15,12,2020-07-17,14,2020-08-12,26,Male,,yes,Large
44,6,Med,24,High,High F,High,30,Fed,2020-07-03,2020-07-08,2020-07-13,2020-07-17,14,2020-07-20,17,2020-08-14,25,Female,,yes,Large
62,2,Med,24,High,High F,High,30,Fed,2020-07-03,2020-07-08,2020-07-13,2020-07-15,12,2020-07-20,17,2020-08-14,25,Female,3.301,yes,Large
62,3,Med,24,High,High F,High,30,Fed,2020-07-03,2020-07-08,2020-07-13,2020-07-17,14,2020-07-20,17,2020-08-14,25,Female,,yes,Large
2,2,Med,24,High,Low F,Low,18,Fed,2020-07-03,2020-07-08,2020-07-10,2020-07-17,14,2020-07-20,17,2020-08-17,28,Male,2.829,yes,Large
44,1,Med,24,High,High F,High,30,Fed,2020-07-03,2020-07-08,2020-07-13,2020-07-15,12,2020-07-20,17,2020-08-17,28,Male,,yes,Large
44,4,Med,24,High,High F,High,30,Fed,2020-07-03,2020-07-08,2020-07-13,2020-07-17,14,2020-07-20,17,2020-08-17,28,Female,3.292,yes,Large
49,2,Med,24,High,Med F,Med,24,Fed,2020-07-03,2020-07-10,2020-07-13,2020-07-17,14,2020-07-20,17,2020-08-17,28,Female,3.171,yes,Large
92,5,Med,24,High,High F,High,30,Fed,2020-07-03,2020-07-08,2020-07-13,2020-07-15,12,2020-07-20,17,2020-08-17,28,Female,,yes,Large
103,2,Med,24,High,Low F,Low,18,Fed,2020-07-03,2020-07-08,2020-07-13,2020-07-20,17,2020-07-22,19,2020-08-17,26,Male,,yes,Large
14,1,Med,24,High,Med F,Med,24,Fed,2020-07-03,2020-07-08,2020-07-10,2020-07-15,12,2020-07-20,17,2020-08-19,30,Female,3.653,yes,Large
48,6,Med,24,High,Low F,Low,18,Fed,2020-07-03,2020-07-08,2020-07-13,2020-07-22,19,2020-07-24,21,2020-08-19,26,Female,3.234,yes,Large
67,4,Med,24,High,Low F,Low,18,Fed,2020-07-03,2020-07-08,2020-07-13,2020-07-15,12,2020-07-20,17,2020-08-19,30,Female,,yes,Large
67,5,Med,24,High,Low F,Low,18,Fed,2020-07-03,2020-07-08,2020-07-13,2020-07-20,17,2020-07-22,19,2020-08-19,28,Male,2.912,yes,Large
49,5,Med,24,High,Med F,Med,24,Fed,2020-07-03,2020-07-08,2020-07-13,2020-07-20,17,2020-07-22,19,2020-08-21,30,Female,,yes,Large
2,1,Med,24,High,Low F,Low,18,Fed,2020-07-03,2020-07-08,2020-07-13,2020-07-20,17,2020-07-22,19,,,Female,3.159,no,Large
48,1,Med,24,High,Low F,Low,18,Fed,2020-07-03,2020-07-10,2020-07-13,2020-07-17,14,2020-07-20,17,,,Female,2.962,no,Large
48,4,Med,24,High,Low F,Low,18,Fed,2020-07-03,2020-07-08,2020-07-13,2020-07-15,12,2020-07-17,14,,,Male,2.923,no,Large
49,3,Med,24,High,Med F,Med,24,Fed,2020-07-03,2020-07-08,2020-07-13,2020-07-15,12,2020-07-20,17,,,Female,,no,Large
67,2,Med,24,High,Low F,Low,18,Fed,2020-07-03,2020-07-10,2020-07-13,2020-07-17,14,2020-07-20,17,,,Male,,no,Large
67,6,Med,24,High,Low F,Low,18,Fed,2020-07-03,2020-07-10,2020-07-13,2020-07-24,21,2020-07-27,24,,,Female,3.486,no,Large
112,1,Med,24,High,Med F,Med,24,Fed,2020-07-03,2020-07-08,2020-07-13,2020-07-17,14,2020-07-20,17,,,Male,2.787,no,Large
112,4,Med,24,High,Med F,Med,24,Fed,2020-07-03,2020-07-08,2020-07-13,2020-07-17,14,2020-07-20,17,,,Female,3.254,no,Large
4,1,Med,24,Low,High S,High,30,Starved,2020-07-03,2020-07-08,2020-07-13,2020-07-15,12,2020-07-20,17,2020-07-21,1,Male,2.517,yes,Small
33,2,Med,24,Low,High F,High,30,Fed,2020-07-03,2020-07-08,2020-07-13,2020-07-15,12,2020-07-17,14,2020-07-21,4,Male,2.578,yes,Small
110,5,Med,24,Low,Med S,Med,24,Starved,2020-07-03,2020-07-08,2020-07-13,2020-07-15,12,2020-07-17,14,2020-07-21,4,Male,2.517,yes,Small
4,4,Med,24,Low,High S,High,30,Starved,2020-07-03,2020-07-08,2020-07-13,2020-07-17,14,2020-07-20,17,2020-07-22,2,Male,2.457,yes,Small
17,2,Med,24,Low,High S,High,30,Starved,2020-07-03,2020-07-08,2020-07-13,2020-07-17,14,2020-07-21,18,2020-07-22,1,Male,2.55,yes,Small
17,4,Med,24,Low,High S,High,30,Starved,2020-07-03,2020-07-08,2020-07-13,2020-07-17,14,2020-07-21,18,2020-07-22,1,Male,2.278,yes,Small
4,3,Med,24,Low,High S,High,30,Starved,2020-07-03,2020-07-10,2020-07-13,2020-07-20,17,2020-07-22,19,2020-07-24,2,Male,2.275,yes,Small
27,6,Med,24,Low,Med S,Med,24,Starved,2020-07-03,2020-07-08,2020-07-10,2020-07-17,14,2020-07-21,18,2020-07-24,3,Female,3.15,yes,Small
72,2,Med,24,Low,Med S,Med,24,Starved,2020-07-03,2020-07-08,2020-07-13,2020-07-21,18,2020-07-22,19,2020-07-24,2,Male,2.4,yes,Small
114,1,Med,24,Low,High S,High,30,Starved,2020-07-03,2020-07-08,2020-07-13,2020-07-17,14,2020-07-21,18,2020-07-24,3,Male,2.397,yes,Small
3,2,Med,24,Low,Low S,Low,18,Starved,2020-07-03,2020-07-08,2020-07-13,2020-07-20,17,2020-07-22,19,2020-07-27,5,Male,2.159,yes,Small
3,4,Med,24,Low,Low S,Low,18,Starved,2020-07-03,2020-07-08,2020-07-13,2020-07-17,14,2020-07-20,17,2020-07-27,7,Male,2.54,yes,Small
13,1,Med,24,Low,Med F,Med,24,Fed,2020-07-03,2020-07-08,2020-07-13,2020-07-22,19,2020-07-27,24,2020-07-27,0,Male,2.621,yes,Small
17,1,Med,24,Low,High S,High,30,Starved,2020-07-03,2020-07-08,2020-07-13,2020-07-21,18,2020-07-24,21,2020-07-27,3,Male,2.545,yes,Small
33,3,Med,24,Low,High F,High,30,Fed,2020-07-03,2020-07-08,2020-07-10,2020-07-21,18,2020-07-24,21,2020-07-27,3,Female,2.865,yes,Small
60,2,Med,24,Low,Med F,Med,24,Fed,2020-07-03,2020-07-08,2020-07-13,2020-07-21,18,2020-07-24,21,2020-07-27,3,Male,2.236,yes,Small
60,4,Med,24,Low,Med F,Med,24,Fed,2020-07-03,2020-07-08,2020-07-13,2020-07-21,18,2020-07-24,21,2020-07-27,3,Male,2.409,yes,Small
74,5,Med,24,Low,High S,High,30,Starved,2020-07-03,2020-07-08,2020-07-13,2020-07-21,18,2020-07-24,21,2020-07-27,3,Male,2.142,yes,Small
97,4,Med,24,Low,Med S,Med,24,Starved,2020-07-03,2020-07-08,2020-07-13,2020-07-21,18,2020-07-27,24,2020-07-27,0,Male,2.248,yes,Small
105,5,Med,24,Low,Low S,Low,18,Starved,2020-07-03,2020-07-08,2020-07-13,2020-07-22,19,2020-07-27,24,2020-07-27,0,Male,2.249,yes,Small
110,4,Med,24,Low,Med S,Med,24,Starved,2020-07-03,2020-07-08,2020-07-13,2020-07-21,18,2020-07-22,19,2020-07-27,5,Male,2.359,yes,Small
17,3,Med,24,Low,High S,High,30,Starved,2020-07-03,2020-07-08,2020-07-13,2020-07-24,21,2020-07-27,24,2020-07-29,2,Male,2.196,yes,Small
17,5,Med,24,Low,High S,High,30,Starved,2020-07-03,2020-07-08,2020-07-13,2020-07-24,21,2020-07-27,24,2020-07-29,2,Male,2.315,yes,Small
27,3,Med,24,Low,Med S,Med,24,Starved,2020-07-03,2020-07-08,2020-07-13,2020-07-22,19,2020-07-27,24,2020-07-29,2,Male,2.847,yes,Small
27,5,Med,24,Low,Med S,Med,24,Starved,2020-07-03,2020-07-08,2020-07-13,2020-07-24,21,2020-07-27,24,2020-07-29,2,Female,2.911,yes,Small
72,1,Med,24,Low,Med S,Med,24,Starved,2020-07-03,2020-07-08,2020-07-13,2020-07-27,24,2020-07-29,26,2020-07-29,0,Male,2.254,yes,Small
74,2,Med,24,Low,High S,High,30,Starved,2020-07-03,2020-07-08,2020-07-13,2020-07-22,19,2020-07-27,24,2020-07-29,2,Male,2.429,yes,Small
97,5,Med,24,Low,Med S,Med,24,Starved,2020-07-03,2020-07-08,2020-07-13,2020-07-22,19,2020-07-27,24,2020-07-29,2,Male,2.134,yes,Small
33,6,Med,24,Low,High F,High,30,Fed,2020-07-03,2020-07-08,2020-07-13,2020-07-24,21,2020-07-27,24,2020-07-31,4,Female,2.663,yes,Small
34,2,Med,24,Low,Low F,Low,18,Fed,2020-07-03,2020-07-08,2020-07-13,2020-07-21,18,2020-07-24,21,2020-07-31,7,Male,2.366,yes,Small
40,5,Med,24,Low,High F,High,30,Fed,2020-07-03,2020-07-08,2020-07-13,2020-07-15,12,2020-07-21,18,2020-07-31,10,Female,3.442,yes,Small
40,6,Med,24,Low,High F,High,30,Fed,2020-07-03,2020-07-08,2020-07-13,2020-07-22,19,2020-07-27,24,2020-07-31,4,Female,3.094,yes,Small
73,2,Med,24,Low,High F,High,30,Fed,2020-07-03,2020-07-08,2020-07-13,2020-07-27,24,2020-07-29,26,2020-07-31,2,Male,2.228,yes,Small
87,4,Med,24,Low,High F,High,30,Fed,2020-07-03,2020-07-08,2020-07-13,2020-07-17,14,2020-07-21,18,2020-07-31,10,Female,,yes,Small
3,1,Med,24,Low,Low S,Low,18,Starved,2020-07-03,2020-07-08,2020-07-13,2020-07-24,21,2020-07-27,24,2020-08-04,8,Male,2.602,yes,Small
3,6,Med,24,Low,Low S,Low,18,Starved,2020-07-03,2020-07-08,2020-07-13,2020-07-27,24,2020-07-31,28,2020-08-04,4,Female,3.013,yes,Small
13,4,Med,24,Low,Med F,Med,24,Fed,2020-07-03,2020-07-08,2020-07-13,2020-07-29,26,2020-07-31,28,2020-08-04,4,Male,2.481,yes,Small
27,1,Med,24,Low,Med S,Med,24,Starved,2020-07-03,2020-07-08,2020-07-13,2020-07-29,26,2020-08-04,32,2020-08-04,0,Female,2.821,yes,Small
27,2,Med,24,Low,Med S,Med,24,Starved,2020-07-03,2020-07-08,2020-07-13,2020-07-29,26,2020-08-04,32,2020-08-04,0,Female,2.157,yes,Small
29,4,Med,24,Low,Low S,Low,18,Starved,2020-07-03,2020-07-08,2020-07-13,2020-07-27,24,2020-07-31,28,2020-08-04,4,Female,3.041,yes,Small
29,5,Med,24,Low,Low S,Low,18,Starved,2020-07-03,2020-07-08,2020-07-13,2020-07-27,24,2020-07-31,28,2020-08-04,4,Female,3.062,yes,Small
33,4,Med,24,Low,High F,High,30,Fed,2020-07-03,2020-07-08,2020-07-13,2020-07-29,26,2020-07-31,28,2020-08-04,4,Female,2.713,yes,Small
40,3,Med,24,Low,High F,High,30,Fed,2020-07-03,2020-07-08,2020-07-13,2020-07-17,14,2020-07-21,18,2020-08-04,14,Male,2.534,yes,Small
72,6,Med,24,Low,Med S,Med,24,Starved,2020-07-03,2020-07-08,2020-07-13,2020-07-27,24,2020-07-31,28,2020-08-04,4,Male,2.408,yes,Small
74,6,Med,24,Low,High S,High,30,Starved,2020-07-03,2020-07-08,2020-07-13,2020-07-29,26,2020-08-04,32,2020-08-04,0,Male,2.055,yes,Small
85,5,Med,24,Low,Low F,Low,18,Fed,2020-07-03,2020-07-08,2020-07-13,2020-07-17,14,2020-07-21,18,2020-08-04,14,Female,3.135,yes,Small
86,3,Med,24,Low,Med F,Med,24,Fed,2020-07-03,2020-07-08,2020-07-13,2020-07-29,26,2020-07-31,28,2020-08-04,4,Male,2.189,yes,Small
105,4,Med,24,Low,Low S,Low,18,Starved,2020-07-03,2020-07-08,2020-07-13,2020-07-27,24,2020-07-29,26,2020-08-04,6,Male,2.152,yes,Small
114,6,Med,24,Low,High S,High,30,Starved,2020-07-03,2020-07-08,2020-07-13,2020-07-31,28,2020-08-04,32,2020-08-05,1,Female,2.863,yes,Small
17,6,Med,24,Low,High S,High,30,Starved,2020-07-03,2020-07-08,2020-07-13,2020-08-04,32,2020-08-07,35,2020-08-07,0,Female,,yes,Small
27,4,Med,24,Low,Med S,Med,24,Starved,2020-07-03,2020-07-08,2020-07-13,2020-07-31,28,2020-08-04,32,2020-08-07,3,Female,2.325,yes,Small
40,1,Med,24,Low,High F,High,30,Fed,2020-07-03,2020-07-08,2020-07-13,2020-08-04,32,2020-08-05,33,2020-08-07,2,Female,2.949,yes,Small
85,3,Med,24,Low,Low F,Low,18,Fed,2020-07-03,2020-07-08,2020-07-13,2020-07-17,14,2020-07-21,18,2020-08-07,17,Female,2.838,yes,Small
4,6,Med,24,Low,High S,High,30,Starved,2020-07-03,2020-07-08,2020-07-13,2020-08-04,32,2020-08-07,35,2020-08-10,3,Female,3.176,yes,Small
7,5,Med,24,Low,Low F,Low,18,Fed,2020-07-03,2020-07-08,2020-07-13,2020-07-17,14,2020-07-20,17,2020-08-10,21,Male,2.52,yes,Small
13,6,Med,24,Low,Med F,Med,24,Fed,2020-07-03,2020-07-08,2020-07-13,2020-07-17,14,2020-07-20,17,2020-08-10,21,Male,2.356,yes,Small
28,2,Med,24,Low,Med F,Med,24,Fed,2020-07-03,2020-07-08,2020-07-13,2020-08-04,32,2020-08-07,35,2020-08-10,3,Female,2.966,yes,Small
28,4,Med,24,Low,Med F,Med,24,Fed,2020-07-03,2020-07-08,2020-07-13,2020-07-31,28,2020-08-04,32,2020-08-10,6,Male,2.497,yes,Small
28,6,Med,24,Low,Med F,Med,24,Fed,2020-07-03,2020-07-08,2020-07-13,2020-07-17,14,2020-07-21,18,2020-08-10,20,Male,,yes,Small
29,6,Med,24,Low,Low S,Low,18,Starved,2020-07-03,2020-07-08,2020-07-13,2020-08-04,32,2020-08-07,35,2020-08-10,3,Female,2.81,yes,Small
34,3,Med,24,Low,Low F,Low,18,Fed,2020-07-03,2020-07-08,2020-07-13,2020-07-17,14,2020-07-21,18,2020-08-10,20,Male,2.46,yes,Small
45,4,Med,24,Low,Low F,Low,18,Fed,2020-07-03,2020-07-08,2020-07-13,2020-07-15,12,2020-07-21,18,2020-08-10,20,Male,,yes,Small
80,4,Med,24,Low,Low S,Low,18,Starved,2020-07-03,2020-07-08,2020-07-13,2020-08-04,32,2020-08-07,35,2020-08-10,3,Female,2.739,yes,Small
86,6,Med,24,Low,Med F,Med,24,Fed,2020-07-03,2020-07-08,2020-07-13,2020-08-04,32,2020-08-07,35,2020-08-10,3,Female,2.718,yes,Small
34,1,Med,24,Low,Low F,Low,18,Fed,2020-07-03,2020-07-08,2020-07-13,2020-08-04,32,2020-08-07,35,2020-08-12,5,Female,2.811,yes,Small
74,4,Med,24,Low,High S,High,30,Starved,2020-07-03,2020-07-08,2020-07-13,2020-08-05,33,2020-08-10,38,2020-08-12,2,Female,2.803,yes,Small
86,2,Med,24,Low,Med F,Med,24,Fed,2020-07-03,2020-07-08,2020-07-15,2020-08-04,32,2020-08-05,33,2020-08-12,7,Male,2.55,yes,Small
28,3,Med,24,Low,Med F,Med,24,Fed,2020-07-03,2020-07-08,2020-07-13,2020-07-21,18,2020-07-22,19,2020-08-14,23,Male,2.496,yes,Small
60,6,Med,24,Low,Med F,Med,24,Fed,2020-07-03,2020-07-08,2020-07-13,2020-08-05,33,2020-08-10,38,2020-08-14,4,Female,2.811,yes,Small
73,4,Med,24,Low,High F,High,30,Fed,2020-07-03,2020-07-08,2020-07-13,2020-08-10,38,2020-08-12,40,2020-08-14,2,Female,3.208,yes,Small
114,2,Med,24,Low,High S,High,30,Starved,2020-07-03,2020-07-10,2020-07-13,2020-08-10,38,2020-08-12,40,2020-08-14,2,Female,3.056,yes,Small
110,2,Med,24,Low,Med S,Med,24,Starved,2020-07-03,2020-07-08,2020-07-13,2020-08-10,38,2020-08-14,42,2020-08-17,3,Female,2.707,yes,Small
7,1,Med,24,Low,Low F,Low,18,Fed,2020-07-03,2020-07-08,2020-07-13,2020-07-31,28,2020-08-04,32,2020-08-19,15,Female,2.833,yes,Small
28,1,Med,24,Low,Med F,Med,24,Fed,2020-07-03,2020-07-08,2020-07-13,2020-07-31,28,2020-08-04,32,2020-08-19,15,Female,,yes,Small
28,5,Med,24,Low,Med F,Med,24,Fed,2020-07-03,2020-07-08,2020-07-13,2020-07-31,28,2020-08-04,32,2020-08-19,15,Female,,yes,Small
29,3,Med,24,Low,Low S,Low,18,Starved,2020-07-03,2020-07-10,2020-07-13,2020-08-12,40,2020-08-17,45,2020-08-19,2,Female,3.083,yes,Small
80,2,Med,24,Low,Low S,Low,18,Starved,2020-07-03,2020-07-08,2020-07-13,2020-08-10,38,2020-08-12,40,2020-08-19,7,Female,3.548,yes,Small
80,5,Med,24,Low,Low S,Low,18,Starved,2020-07-03,2020-07-08,2020-07-13,2020-08-10,38,2020-08-14,42,2020-08-19,5,Female,3.154,yes,Small
105,3,Med,24,Low,Low S,Low,18,Starved,2020-07-03,2020-07-08,2020-07-13,2020-08-12,40,2020-08-14,42,2020-08-19,5,Female,2.832,yes,Small
114,4,Med,24,Low,High S,High,30,Starved,2020-07-03,2020-07-08,2020-07-13,2020-08-12,40,2020-08-17,45,2020-08-19,2,Female,2.962,yes,Small
45,1,Med,24,Low,Low F,Low,18,Fed,2020-07-03,2020-07-08,2020-07-13,2020-07-21,18,2020-07-24,21,2020-08-21,28,Male,2.323,yes,Small
7,2,Med,24,Low,Low F,Low,18,Fed,2020-07-03,2020-07-08,2020-07-13,2020-07-20,17,2020-07-24,21,,,Male,2.296,no,Small
7,3,Med,24,Low,Low F,Low,18,Fed,2020-07-03,2020-07-08,2020-07-10,2020-08-04,32,2020-08-05,33,,,Female,3.087,no,Small
7,4,Med,24,Low,Low F,Low,18,Fed,2020-07-03,2020-07-08,2020-07-13,2020-07-20,17,2020-07-22,19,,,Female,3.131,no,Small
45,2,Med,24,Low,Low F,Low,18,Fed,2020-07-03,2020-07-10,2020-07-13,2020-08-10,38,2020-08-12,40,,,Female,2.918,no,Small
85,1,Med,24,Low,Low F,Low,18,Fed,2020-07-03,2020-07-08,2020-07-13,2020-08-12,40,2020-08-17,45,,,Female,3.067,no,Small
85,2,Med,24,Low,Low F,Low,18,Fed,2020-07-03,2020-07-08,2020-07-13,2020-07-27,24,2020-07-29,26,,,Female,2.836,no,Small
85,6,Med,24,Low,Low F,Low,18,Fed,2020-07-03,2020-07-08,2020-07-13,2020-07-21,18,2020-07-24,21,,,Male,2.305,no,Small
6,4,Med,24,Med,Med S,Med,24,Starved,2020-07-03,2020-07-08,2020-07-13,2020-07-15,12,2020-07-20,17,2020-07-21,1,Male,2.523,yes,Small
70,4,Med,24,Med,Low F,Low,18,Fed,2020-07-03,2020-07-08,2020-07-13,2020-07-17,14,2020-07-20,17,2020-07-21,1,Male,2.667,yes,Small
8,2,Med,24,Med,High S,High,30,Starved,2020-07-03,2020-07-08,2020-07-13,2020-07-15,12,2020-07-17,14,2020-07-22,5,Male,2.546,yes,Small
6,2,Med,24,Med,Med S,Med,24,Starved,2020-07-03,2020-07-08,2020-07-13,2020-07-15,12,2020-07-17,14,2020-07-24,7,Male,2.843,yes,Small
6,6,Med,24,Med,Med S,Med,24,Starved,2020-07-03,2020-07-08,2020-07-13,2020-07-17,14,2020-07-20,17,2020-07-24,4,Female,2.911,yes,Small
8,1,Med,24,Med,High S,High,30,Starved,2020-07-03,2020-07-08,2020-07-13,2020-07-20,17,2020-07-22,19,2020-07-24,2,Female,3.106,yes,Small
12,1,Med,24,Med,Low S,Low,18,Starved,2020-07-03,2020-07-10,2020-07-13,2020-07-15,12,2020-07-17,14,2020-07-24,7,Male,2.753,yes,Small
25,6,Med,24,Med,High F,High,30,Fed,2020-07-03,2020-07-08,2020-07-13,2020-07-20,17,2020-07-22,19,2020-07-24,2,Female,2.939,yes,Small
43,5,Med,24,Med,High S,High,30,Starved,2020-07-03,2020-07-08,2020-07-13,2020-07-17,14,2020-07-22,19,2020-07-24,2,Male,2.429,yes,Small
54,1,Med,24,Med,Low S,Low,18,Starved,2020-07-03,2020-07-08,2020-07-13,2020-07-17,14,2020-07-20,17,2020-07-24,4,Female,2.291,yes,Small
77,4,Med,24,Med,Med S,Med,24,Starved,2020-07-03,2020-07-08,2020-07-13,2020-07-17,14,2020-07-20,17,2020-07-24,4,Male,2.69,yes,Small
95,2,Med,24,Med,High S,High,30,Starved,2020-07-03,2020-07-08,2020-07-13,2020-07-20,17,2020-07-22,19,2020-07-24,2,Male,2.433,yes,Small
95,3,Med,24,Med,High S,High,30,Starved,2020-07-03,2020-07-08,2020-07-13,2020-07-20,17,2020-07-20,17,2020-07-24,4,Male,2.608,yes,Small
6,1,Med,24,Med,Med S,Med,24,Starved,2020-07-03,2020-07-08,2020-07-13,2020-07-20,17,2020-07-22,19,2020-07-27,5,Female,3.207,yes,Small
6,3,Med,24,Med,Med S,Med,24,Starved,2020-07-03,2020-07-08,2020-07-13,2020-07-20,17,2020-07-22,19,2020-07-27,5,Female,3.115,yes,Small
12,4,Med,24,Med,Low S,Low,18,Starved,2020-07-03,2020-07-08,2020-07-13,2020-07-17,14,2020-07-20,17,2020-07-27,7,Male,2.603,yes,Small
41,2,Med,24,Med,Med S,Med,24,Starved,2020-07-03,2020-07-08,2020-07-13,2020-07-20,17,2020-07-24,21,2020-07-27,3,Female,2.896,yes,Small
52,1,Med,24,Med,Med S,Med,24,Starved,2020-07-03,2020-07-10,2020-07-13,2020-07-20,17,2020-07-22,19,2020-07-27,5,Female,2.954,yes,Small
52,2,Med,24,Med,Med S,Med,24,Starved,2020-07-03,2020-07-08,2020-07-13,2020-07-20,17,2020-07-22,19,2020-07-27,5,Female,2.991,yes,Small
58,4,Med,24,Med,High F,High,30,Fed,2020-07-03,2020-07-08,2020-07-13,2020-07-20,17,2020-07-22,19,2020-07-27,5,Male,2.68,yes,Small
77,3,Med,24,Med,Med S,Med,24,Starved,2020-07-03,2020-07-10,2020-07-13,2020-07-20,17,2020-07-24,21,2020-07-27,3,Male,2.353,yes,Small
78,4,Med,24,Med,Med F,Med,24,Fed,2020-07-03,2020-07-10,2020-07-13,2020-07-20,17,2020-07-24,21,2020-07-27,3,Male,2.353,yes,Small
88,6,Med,24,Med,Low S,Low,18,Starved,2020-07-03,2020-07-08,2020-07-13,2020-07-20,17,2020-07-22,19,2020-07-27,5,Male,2.613,yes,Small
95,5,Med,24,Med,High S,High,30,Starved,2020-07-03,2020-07-08,2020-07-10,2020-07-20,17,2020-07-24,21,2020-07-27,3,Female,,yes,Small
107,4,Med,24,Med,Med F,Med,24,Fed,2020-07-03,2020-07-08,2020-07-10,2020-07-20,17,2020-07-24,21,2020-07-27,3,Female,2.937,yes,Small
117,2,Med,24,Med,Low S,Low,18,Starved,2020-07-03,2020-07-08,2020-07-13,2020-07-20,17,2020-07-22,19,2020-07-27,5,Male,2.627,yes,Small
117,4,Med,24,Med,Low S,Low,18,Starved,2020-07-03,2020-07-08,2020-07-13,2020-07-20,17,2020-07-22,19,2020-07-27,5,Male,2.591,yes,Small
119,4,Med,24,Med,High F,High,30,Fed,2020-07-03,2020-07-08,2020-07-13,2020-07-20,17,2020-07-24,21,2020-07-27,3,Female,2.748,yes,Small
8,3,Med,24,Med,High S,High,30,Starved,2020-07-03,2020-07-08,2020-07-13,2020-07-24,21,2020-07-27,24,2020-07-29,2,Female,2.992,yes,Small
43,1,Med,24,Med,High S,High,30,Starved,2020-07-03,2020-07-08,2020-07-13,2020-07-22,19,2020-07-27,24,2020-07-29,2,Female,2.934,yes,Small
88,4,Med,24,Med,Low S,Low,18,Starved,2020-07-03,2020-07-08,2020-07-13,2020-07-20,17,2020-07-22,19,2020-07-29,7,Female,3.048,yes,Small
95,1,Med,24,Med,High S,High,30,Starved,2020-07-03,2020-07-08,2020-07-13,2020-07-22,19,2020-07-27,24,2020-07-29,2,Female,2.896,yes,Small
95,6,Med,24,Med,High S,High,30,Starved,2020-07-03,2020-07-08,2020-07-13,2020-07-22,19,2020-07-27,24,2020-07-29,2,Female,2.898,yes,Small
117,1,Med,24,Med,Low S,Low,18,Starved,2020-07-03,2020-07-08,2020-07-10,2020-07-22,19,2020-07-27,24,2020-07-29,2,Female,3.197,yes,Small
119,5,Med,24,Med,High F,High,30,Fed,2020-07-03,2020-07-08,2020-07-13,2020-07-22,19,2020-07-27,24,2020-07-29,2,Female,2.754,yes,Small
23,1,Med,24,Med,Low F,Low,18,Fed,2020-07-03,2020-07-08,2020-07-13,2020-07-17,14,2020-07-20,17,2020-07-31,11,Male,2.259,yes,Small
25,1,Med,24,Med,High F,High,30,Fed,2020-07-03,2020-07-08,2020-07-13,2020-07-27,24,2020-07-29,26,2020-07-31,2,Female,3.098,yes,Small
25,2,Med,24,Med,High F,High,30,Fed,2020-07-03,2020-07-08,2020-07-13,2020-07-15,12,2020-07-22,19,2020-07-31,9,Male,,yes,Small
43,4,Med,24,Med,High S,High,30,Starved,2020-07-03,2020-07-08,2020-07-13,2020-07-27,24,2020-07-29,26,2020-07-31,2,Female,3.004,yes,Small
52,6,Med,24,Med,Med S,Med,24,Starved,2020-07-03,2020-07-08,2020-07-13,2020-07-24,21,2020-07-27,24,2020-07-31,4,Female,2.932,yes,Small
54,5,Med,24,Med,Low S,Low,18,Starved,2020-07-03,2020-07-08,2020-07-13,2020-07-22,19,2020-07-24,21,2020-07-31,7,Female,3.121,yes,Small
58,2,Med,24,Med,High F,High,30,Fed,2020-07-03,2020-07-08,2020-07-13,2020-07-24,21,2020-07-29,26,2020-07-31,2,Male,2.671,yes,Small
107,5,Med,24,Med,Med F,Med,24,Fed,2020-07-03,2020-07-08,2020-07-13,2020-07-27,24,2020-07-29,26,2020-07-31,2,Female,3.026,yes,Small
118,5,Med,24,Med,High S,High,30,Starved,2020-07-03,2020-07-08,2020-07-13,2020-07-24,21,2020-07-29,26,2020-07-31,2,Male,2.386,yes,Small
8,5,Med,24,Med,High S,High,30,Starved,2020-07-03,2020-07-08,2020-07-13,2020-07-29,26,2020-07-31,28,2020-08-04,4,Female,2.927,yes,Small
23,3,Med,24,Med,Low F,Low,18,Fed,2020-07-03,2020-07-08,2020-07-13,2020-07-24,21,2020-07-27,24,2020-08-04,8,Male,2.548,yes,Small
23,6,Med,24,Med,Low F,Low,18,Fed,2020-07-03,2020-07-08,2020-07-13,2020-07-20,17,2020-07-24,21,2020-08-04,11,Female,2.673,yes,Small
25,4,Med,24,Med,High F,High,30,Fed,2020-07-03,2020-07-08,2020-07-13,2020-07-22,19,2020-07-24,21,2020-08-04,11,Female,2.906,yes,Small
43,2,Med,24,Med,High S,High,30,Starved,2020-07-03,2020-07-10,2020-07-13,2020-07-29,26,2020-08-04,32,2020-08-04,0,Female,2.973,yes,Small
52,4,Med,24,Med,Med S,Med,24,Starved,2020-07-03,2020-07-08,2020-07-13,2020-07-27,24,2020-07-29,26,2020-08-04,6,Female,2.675,yes,Small
54,2,Med,24,Med,Low S,Low,18,Starved,2020-07-03,2020-07-08,2020-07-13,2020-07-29,26,2020-07-31,28,2020-08-04,4,Female,2.688,yes,Small
54,4,Med,24,Med,Low S,Low,18,Starved,2020-07-03,2020-07-08,2020-07-13,2020-07-27,24,2020-07-29,26,2020-08-04,6,Female,2.72,yes,Small
56,5,Med,24,Med,Low F,Low,18,Fed,2020-07-03,2020-07-08,2020-07-13,2020-07-29,26,2020-07-31,28,2020-08-04,4,Female,2.693,yes,Small
69,1,Med,24,Med,High F,High,30,Fed,2020-07-03,2020-07-10,2020-07-13,2020-07-27,24,2020-07-31,28,2020-08-04,4,Female,2.547,yes,Small
69,2,Med,24,Med,High F,High,30,Fed,2020-07-03,2020-07-08,2020-07-13,2020-07-27,24,2020-07-29,26,2020-08-04,6,Female,2.954,yes,Small
69,5,Med,24,Med,High F,High,30,Fed,2020-07-03,2020-07-08,2020-07-13,2020-07-27,24,2020-07-31,28,2020-08-04,4,Female,2.765,yes,Small
70,1,Med,24,Med,Low F,Low,18,Fed,2020-07-03,2020-07-08,2020-07-13,2020-07-27,24,2020-07-29,26,2020-08-04,6,Female,2.601,yes,Small
70,2,Med,24,Med,Low F,Low,18,Fed,2020-07-03,2020-07-08,2020-07-13,2020-07-27,24,2020-07-29,26,2020-08-04,6,Male,2.389,yes,Small
77,6,Med,24,Med,Med S,Med,24,Starved,2020-07-03,2020-07-08,2020-07-13,2020-07-27,24,2020-07-29,26,2020-08-04,6,Male,2.315,yes,Small
78,1,Med,24,Med,Med F,Med,24,Fed,2020-07-03,2020-07-08,2020-07-13,2020-07-27,24,2020-07-31,28,2020-08-04,4,Female,3.115,yes,Small
78,2,Med,24,Med,Med F,Med,24,Fed,2020-07-03,2020-07-10,2020-07-13,2020-07-29,26,2020-08-04,32,2020-08-04,0,Female,2.736,yes,Small
78,5,Med,24,Med,Med F,Med,24,Fed,2020-07-03,2020-07-08,2020-07-13,2020-07-20,17,2020-07-22,19,2020-08-04,13,Male,2.527,yes,Small
88,2,Med,24,Med,Low S,Low,18,Starved,2020-07-03,2020-07-08,2020-07-13,2020-07-27,24,2020-07-29,26,2020-08-04,6,Female,2.761,yes,Small
88,5,Med,24,Med,Low S,Low,18,Starved,2020-07-03,2020-07-08,2020-07-13,2020-07-27,24,2020-07-29,26,2020-08-04,6,Female,3.251,yes,Small
95,4,Med,24,Med,High S,High,30,Starved,2020-07-03,2020-07-08,2020-07-13,2020-07-27,24,2020-07-31,28,2020-08-04,4,Male,2.334,yes,Small
99,2,Med,24,Med,Med F,Med,24,Fed,2020-07-03,2020-07-08,2020-07-13,2020-07-20,17,2020-07-22,19,2020-08-04,13,Male,2.543,yes,Small
99,4,Med,24,Med,Med F,Med,24,Fed,2020-07-03,2020-07-08,2020-07-13,2020-07-17,14,2020-07-20,17,2020-08-04,15,Male,2.466,yes,Small
99,5,Med,24,Med,Med F,Med,24,Fed,2020-07-03,2020-07-08,2020-07-13,2020-07-27,24,2020-07-29,26,2020-08-04,6,Female,2.853,yes,Small
107,3,Med,24,Med,Med F,Med,24,Fed,2020-07-03,2020-07-08,2020-07-10,2020-07-22,19,2020-07-24,21,2020-08-04,11,Female,3.055,yes,Small
107,6,Med,24,Med,Med F,Med,24,Fed,2020-07-03,2020-07-08,2020-07-13,2020-07-24,21,2020-07-27,24,2020-08-04,8,Female,3.013,yes,Small
119,1,Med,24,Med,High F,High,30,Fed,2020-07-03,2020-07-08,2020-07-13,2020-07-20,17,2020-07-22,19,2020-08-04,13,Female,3.038,yes,Small
43,3,Med,24,Med,High S,High,30,Starved,2020-07-03,2020-07-08,2020-07-13,2020-07-29,26,2020-08-04,32,2020-08-05,1,Female,2.598,yes,Small
88,1,Med,24,Med,Low S,Low,18,Starved,2020-07-03,2020-07-08,2020-07-13,2020-08-04,32,2020-08-05,33,2020-08-05,0,Female,,yes,Small
118,3,Med,24,Med,High S,High,30,Starved,2020-07-03,2020-07-10,2020-07-13,2020-07-31,28,2020-08-04,32,2020-08-05,1,Female,2.709,yes,Small
41,3,Med,24,Med,Med S,Med,24,Starved,2020-07-03,2020-07-08,2020-07-13,2020-08-04,32,2020-08-07,35,2020-08-07,0,Female,,yes,Small
52,5,Med,24,Med,Med S,Med,24,Starved,2020-07-03,2020-07-08,2020-07-13,2020-07-31,28,2020-08-04,32,2020-08-07,3,Female,,yes,Small
54,3,Med,24,Med,Low S,Low,18,Starved,2020-07-03,2020-07-08,2020-07-13,2020-08-04,32,2020-08-07,35,2020-08-07,0,Female,,yes,Small
58,6,Med,24,Med,High F,High,30,Fed,2020-07-03,2020-07-08,2020-07-13,2020-08-04,32,2020-08-05,33,2020-08-07,2,Female,2.813,yes,Small
69,3,Med,24,Med,High F,High,30,Fed,2020-07-03,2020-07-10,2020-07-13,2020-07-31,28,2020-08-04,32,2020-08-07,3,Female,2.969,yes,Small
69,4,Med,24,Med,High F,High,30,Fed,2020-07-03,2020-07-08,2020-07-13,2020-07-31,28,2020-08-04,32,2020-08-07,3,Female,2.737,yes,Small
119,2,Med,24,Med,High F,High,30,Fed,2020-07-03,2020-07-08,2020-07-13,2020-07-20,17,2020-07-22,19,2020-08-07,16,Male,2.299,yes,Small
12,2,Med,24,Med,Low S,Low,18,Starved,2020-07-03,2020-07-08,2020-07-13,2020-07-31,28,2020-08-04,32,2020-08-10,6,Female,3.131,yes,Small
56,2,Med,24,Med,Low F,Low,18,Fed,2020-07-03,2020-07-08,2020-07-13,2020-07-29,26,2020-07-31,28,2020-08-10,10,Female,2.935,yes,Small
69,6,Med,24,Med,High F,High,30,Fed,2020-07-03,2020-07-08,2020-07-13,2020-08-04,32,2020-08-07,35,2020-08-10,3,Female,3.294,yes,Small
77,5,Med,24,Med,Med S,Med,24,Starved,2020-07-03,2020-07-08,2020-07-13,2020-08-04,32,2020-08-05,33,2020-08-10,5,Female,3.487,yes,Small
96,4,Med,24,Med,Low F,Low,18,Fed,2020-07-03,2020-07-08,2020-07-13,2020-07-27,24,2020-07-31,28,2020-08-10,10,Female,,yes,Small
113,2,Med,24,Med,Med S,Med,24,Starved,2020-07-03,2020-07-08,2020-07-13,2020-08-04,32,2020-08-07,35,2020-08-10,3,Male,2.466,yes,Small
118,1,Med,24,Med,High S,High,30,Starved,2020-07-03,2020-07-08,2020-07-13,2020-08-04,32,2020-08-07,35,2020-08-10,3,Female,2.994,yes,Small
118,2,Med,24,Med,High S,High,30,Starved,2020-07-03,2020-07-08,2020-07-13,2020-08-04,32,2020-08-07,35,2020-08-10,3,Male,2.833,yes,Small
118,6,Med,24,Med,High S,High,30,Starved,2020-07-03,2020-07-08,2020-07-13,2020-08-04,32,2020-08-07,35,2020-08-10,3,Female,3.069,yes,Small
12,5,Med,24,Med,Low S,Low,18,Starved,2020-07-03,2020-07-10,2020-07-13,2020-08-04,32,2020-08-10,38,2020-08-12,2,Female,3.11,yes,Small
12,6,Med,24,Med,Low S,Low,18,Starved,2020-07-03,2020-07-08,2020-07-13,2020-08-04,32,2020-08-07,35,2020-08-12,5,Female,3.125,yes,Small
78,6,Med,24,Med,Med F,Med,24,Fed,2020-07-03,2020-07-08,2020-07-13,2020-07-31,28,2020-08-04,32,2020-08-12,8,Female,2.984,yes,Small
113,3,Med,24,Med,Med S,Med,24,Starved,2020-07-03,2020-07-10,2020-07-13,2020-08-07,35,2020-08-12,40,2020-08-12,0,Female,,yes,Small
113,4,Med,24,Med,Med S,Med,24,Starved,2020-07-03,2020-07-08,2020-07-13,2020-08-05,33,2020-08-10,38,2020-08-12,2,Female,2.962,yes,Small
113,5,Med,24,Med,Med S,Med,24,Starved,2020-07-03,2020-07-08,2020-07-13,2020-08-05,33,2020-08-10,38,2020-08-12,2,Female,2.947,yes,Small
119,3,Med,24,Med,High F,High,30,Fed,2020-07-03,2020-07-08,2020-07-13,2020-07-17,14,2020-07-20,17,2020-08-12,23,Male,2.44,yes,Small
96,1,Med,24,Med,Low F,Low,18,Fed,2020-07-03,2020-07-08,2020-07-13,2020-07-31,28,2020-08-04,32,2020-08-14,10,Female,2.688,yes,Small
117,6,Med,24,Med,Low S,Low,18,Starved,2020-07-03,2020-07-08,2020-07-13,2020-08-04,32,2020-08-07,35,2020-08-14,7,Female,3.053,yes,Small
56,3,Med,24,Med,Low F,Low,18,Fed,2020-07-03,2020-07-08,2020-07-13,2020-07-20,17,2020-07-24,21,2020-08-17,24,Female,,yes,Small
113,1,Med,24,Med,Med S,Med,24,Starved,2020-07-03,2020-07-08,2020-07-13,2020-08-10,38,2020-08-12,40,2020-08-17,5,Female,3.592,yes,Small
113,6,Med,24,Med,Med S,Med,24,Starved,2020-07-03,2020-07-08,2020-07-13,2020-08-10,38,2020-08-14,42,2020-08-17,3,Female,3.333,yes,Small
23,4,Med,24,Med,Low F,Low,18,Fed,2020-07-03,2020-07-08,2020-07-13,2020-07-20,17,2020-07-22,19,2020-08-19,28,Male,2.479,yes,Small
23,5,Med,24,Med,Low F,Low,18,Fed,2020-07-03,2020-07-08,2020-07-13,2020-07-20,17,2020-07-22,19,2020-08-21,30,Male,2.595,yes,Small
56,1,Med,24,Med,Low F,Low,18,Fed,2020-07-03,2020-07-08,2020-07-13,2020-07-20,17,2020-07-22,19,2020-08-21,30,Male,,yes,Small
56,4,Med,24,Med,Low F,Low,18,Fed,2020-07-03,2020-07-08,2020-07-13,2020-07-24,21,2020-07-27,24,2020-08-21,25,Female,,yes,Small
23,2,Med,24,Med,Low F,Low,18,Fed,2020-07-03,2020-07-08,2020-07-13,2020-07-20,17,2020-07-22,19,,,Female,3.163,no,Small
70,6,Med,24,Med,Low F,Low,18,Fed,2020-07-03,2020-07-10,2020-07-13,2020-08-10,38,2020-08-12,40,,,Female,3.24,no,Small
78,3,Med,24,Med,Med F,Med,24,Fed,2020-07-03,2020-07-08,2020-07-13,2020-07-31,28,2020-08-04,32,,,Female,,no,Small
96,2,Med,24,Med,Low F,Low,18,Fed,2020-07-03,2020-07-08,2020-07-13,2020-08-04,32,2020-08-07,35,,,Female,3.343,no,Small
96,5,Med,24,Med,Low F,Low,18,Fed,2020-07-03,2020-07-08,2020-07-13,2020-07-20,17,2020-07-22,19,,,Male,2.554,no,Small
96,6,Med,24,Med,Low F,Low,18,Fed,2020-07-03,2020-07-08,2020-07-13,2020-07-27,24,2020-07-31,28,,,Female,3.027,no,Small
99,6,Med,24,Med,Med F,Med,24,Fed,2020-07-03,2020-07-08,2020-07-13,2020-07-20,17,2020-07-22,19,,,Female,3.126,no,Small
